-- MySQL dump 10.16  Distrib 10.1.41-MariaDB, for debian-linux-gnu (x86_64)
--
-- Host: localhost    Database: ynov-b2-2019
-- ------------------------------------------------------
-- Server version	10.1.41-MariaDB-0ubuntu0.18.04.1

/*!40101 SET @OLD_CHARACTER_SET_CLIENT=@@CHARACTER_SET_CLIENT */;
/*!40101 SET @OLD_CHARACTER_SET_RESULTS=@@CHARACTER_SET_RESULTS */;
/*!40101 SET @OLD_COLLATION_CONNECTION=@@COLLATION_CONNECTION */;
/*!40101 SET NAMES utf8mb4 */;
/*!40103 SET @OLD_TIME_ZONE=@@TIME_ZONE */;
/*!40103 SET TIME_ZONE='+00:00' */;
/*!40014 SET @OLD_UNIQUE_CHECKS=@@UNIQUE_CHECKS, UNIQUE_CHECKS=0 */;
/*!40014 SET @OLD_FOREIGN_KEY_CHECKS=@@FOREIGN_KEY_CHECKS, FOREIGN_KEY_CHECKS=0 */;
/*!40101 SET @OLD_SQL_MODE=@@SQL_MODE, SQL_MODE='NO_AUTO_VALUE_ON_ZERO' */;
/*!40111 SET @OLD_SQL_NOTES=@@SQL_NOTES, SQL_NOTES=0 */;

--
-- Table structure for table `adherent`
--

DROP TABLE IF EXISTS `adherent`;
/*!40101 SET @saved_cs_client     = @@character_set_client */;
/*!40101 SET character_set_client = utf8 */;
CREATE TABLE `adherent` (
  `id_adherent` int(11) NOT NULL AUTO_INCREMENT,
  `nom` varchar(50) DEFAULT NULL,
  `prenom` varchar(50) DEFAULT NULL,
  `email` varchar(50) DEFAULT NULL,
  `rue` varchar(50) DEFAULT NULL,
  `ville` varchar(50) DEFAULT NULL,
  `code_postal` varchar(50) DEFAULT NULL,
  `date_naissance` date DEFAULT NULL,
  `date_cotisation` date DEFAULT NULL,
  `type_cotisation` varchar(50) DEFAULT NULL,
  PRIMARY KEY (`id_adherent`),
  KEY `adherent_cotisation_FK` (`type_cotisation`),
  CONSTRAINT `adherent_cotisation_FK` FOREIGN KEY (`type_cotisation`) REFERENCES `cotisation` (`type_cotisation`)
) ENGINE=InnoDB AUTO_INCREMENT=101 DEFAULT CHARSET=utf8mb4;
/*!40101 SET character_set_client = @saved_cs_client */;

--
-- Dumping data for table `adherent`
--

LOCK TABLES `adherent` WRITE;
/*!40000 ALTER TABLE `adherent` DISABLE KEYS */;
INSERT INTO `adherent` VALUES (1,'zygmunt','abel','abel.zygmunt@email.com','Esplanade Francois Mitterrand','CERGY','95127','1986-10-02','2017-01-25','adulte'),(2,'zvonko','absolon','absolon.zvonko@email.com','Impasse Jean Cheverry','POLIGNAC','43152','1970-12-07','2017-03-04','adulte'),(3,'zvonimira','achille','achille.zvonimira@email.com','Avenue des Glaïeuls','POLIGNAC','43152','1977-02-11','2017-06-10','adulte'),(4,'zvonimir','adam','adam.zvonimir@email.com','Place Roger Salengro','RIAUCOURT','52421','2004-05-16','2017-04-23','enfant'),(5,'zvi','adélaïde','adélaïde.zvi@email.com','Quai de l\'Exil Républicain Espagnol','RIAUCOURT','52421','1973-11-08','2017-07-02','adulte'),(6,'zuzanna','adèle','adèle.zuzanna@email.com','Rue des Regans','RIAUCOURT','52421','1987-07-12','2017-01-18','adulte'),(7,'zuzana','adeline','adeline.zuzana@email.com','Rue Pierre Nougaro','VILLIERS LE SEC','52535','2000-07-24','2017-03-27','etudiant'),(8,'zusman','adolphe','adolphe.zusman@email.com','Impasse Baour Lormian','VILLIERS LE SEC','52535','1972-05-12','2017-02-18','adulte'),(9,'zusa','adrien','adrien.zusa@email.com','Impasse Louis Tastavin','VILLIERS LE SEC','52535','1993-07-27','2017-07-07','adulte'),(10,'zuri','adrienne','adrienne.zuri@email.com','Rue André Bauge','VILLIERS LE SEC','52535','1982-01-01','2017-05-17','adulte'),(11,'zulekha','agathe','agathe.zulekha@email.com','Avenue de Rangueil','BEUREY SUR SAULX','55049','2012-01-31','2017-03-10','enfant'),(12,'zuleika','agnès','agnès.zuleika@email.com','Impasse Elysabeth Vigee Lebrun','BEUREY SUR SAULX','55049','1997-09-10','2017-01-11','etudiant'),(13,'zula','aimé','aimé.zula@email.com','Impasse du Recteur Gheusi','BEUREY SUR SAULX','55049','1985-08-30','2017-01-25','adulte'),(14,'zubin','aimée','aimée.zubin@email.com','Rue du Canigou','BEUREY SUR SAULX','55049','1968-01-03','2017-01-23','adulte'),(15,'zuberi','alain','alain.zuberi@email.com','Cheminement du Docteur Didier Dasque','BEUREY SUR SAULX','55049','2016-01-06','2017-03-08','enfant'),(16,'zsuzsi','albert','albert.zsuzsi@email.com','Impasse Roquemaurel','LES HAUTS DE CHEE','55123','2008-06-23','2017-01-17','enfant'),(17,'zsuzsanna','albertine','albertine.zsuzsanna@email.com','Impasse des Hérons','LES HAUTS DE CHEE','55123','1977-11-18','2017-03-22','adulte'),(18,'zsuzsa','alexandre','alexandre.zsuzsa@email.com','Rue Salvy','LES HAUTS DE CHEE','55123','1995-12-11','2017-01-15','etudiant'),(19,'zsolt','alexandrie','alexandrie.zsolt@email.com','Rue Albert Mamy','LES HAUTS DE CHEE','55123','1979-08-18','2017-01-23','adulte'),(20,'zsófika','alexis','alexis.zsófika@email.com','Rue Jean Espitalier','LES HAUTS DE CHEE','55123','1993-02-02','2017-01-17','adulte'),(21,'zsófia','alfred','alfred.zsófia@email.com','Impasse Gilles Thau','LES HAUTS DE CHEE','55123','2009-09-06','2017-02-26','enfant'),(22,'zsigmond','alice','alice.zsigmond@email.com','Rue du Doyen Gabriel Marty','ERIZE ST DIZIER','55178','2001-12-13','2017-06-04','enfant'),(23,'zsiga','aline','aline.zsiga@email.com','Rue Beteille','ERIZE ST DIZIER','55178','2012-01-18','2017-01-09','enfant'),(24,'zsa','alison','alison.zsa@email.com','Rue Mascard','ERIZE ST DIZIER','55178','1988-11-24','2017-05-01','adulte'),(25,'zsanett','alphonse','alphonse.zsanett@email.com','Rue Marcou Debax','ERIZE ST DIZIER','55178','1989-10-04','2017-01-24','adulte'),(26,'zowie','alphonsine','alphonsine.zowie@email.com','Place de la Daurade','ERIZE ST DIZIER','55178','2015-12-11','2017-03-18','enfant'),(27,'zoticus','amarante','amarante.zoticus@email.com','Rue Claude Auge','ERIZE ST DIZIER','55178','1992-10-01','2017-02-08','adulte'),(28,'zosimus','amaury','amaury.zosimus@email.com','Rue Pierre Daguin','ERIZE ST DIZIER','55178','1999-06-23','2017-07-09','etudiant'),(29,'zosimos','ambre','ambre.zosimos@email.com','Rue de Vittel','LES AYVELLES','08040','1999-11-10','2017-01-06','etudiant'),(30,'zosime','ambroise','ambroise.zosime@email.com','Rue Lamarck','LES AYVELLES','08040','1985-10-29','2017-06-27','adulte'),(31,'zosia','amédée','amédée.zosia@email.com','Rue Jean-François Blade','LES AYVELLES','08040','2010-05-16','2017-04-07','enfant'),(32,'zoroaster','amélie','amélie.zoroaster@email.com','Impasse André Ferran','LES AYVELLES','08040','1977-08-07','2017-01-10','adulte'),(33,'zoran','anaïs','anaïs.zoran@email.com','Passage André Chaubet','LES AYVELLES','08040','1990-08-06','2017-02-23','adulte'),(34,'zoraida','anastasie','anastasie.zoraida@email.com','Impasse Salinie','LES AYVELLES','08040','2002-09-27','2017-03-21','enfant'),(35,'zora','anatole','anatole.zora@email.com','Rue Bonnat','LES AYVELLES','08040','1974-06-08','2017-02-25','adulte'),(36,'zopyros','andré','andré.zopyros@email.com','Rue Alfred Duméril','LES AYVELLES','08040','1996-11-18','2017-02-19','etudiant'),(37,'zona','andrée','andrée.zona@email.com','Promenade du Bazacle','BADAROUX','48013','1994-02-25','2017-03-28','etudiant'),(38,'zoltán','angèle','angèle.zoltán@email.com','Rue Saint Ferréol','BADAROUX','48013','2012-06-25','2017-03-08','enfant'),(39,'zola','angeline','angeline.zola@email.com','Parc Félix Lavit','BADAROUX','48013','2012-10-15','2017-01-03','enfant'),(40,'zoie','angelique','angelique.zoie@email.com','Rue Césaria Evora','BADAROUX','48013','2010-02-23','2017-02-17','enfant'),(41,'zohar','anne','anne.zohar@email.com','Impasse des Vergers','BADAROUX','48013','1995-04-28','2017-08-04','etudiant'),(42,'zofia','annette','annette.zofia@email.com','Rue Alphonse Daudet','BADAROUX','48013','1976-08-29','2017-02-03','adulte'),(43,'zoey','anselme','anselme.zoey@email.com','Rue de la Touraine','BADAROUX','48013','1981-09-10','2017-02-11','adulte'),(44,'zoë','antoine','antoine.zoë@email.com','Rue de Lille','BADAROUX','48013','2011-03-22','2017-01-24','enfant'),(45,'zlota','antoinette','antoinette.zlota@email.com','Rue des Fontaines','BADAROUX','48013','1994-04-13','2017-03-04','etudiant'),(46,'zlatko','apollinaire','apollinaire.zlatko@email.com','Rond-point de Basso Cambo','LE BORN','48029','1970-02-22','2017-02-05','adulte'),(47,'zlatan','apolline','apolline.zlatan@email.com','Cheminement Monseigneur Carrière','LE BORN','48029','2000-11-22','2017-02-06','enfant'),(48,'zlata','ariane','ariane.zlata@email.com','Rue Dumège','LE BORN','48029','1977-06-26','2017-08-04','adulte'),(49,'ziyad','arianne','arianne.ziyad@email.com','Rue Varsovie','LE BORN','48029','2014-12-28','2017-01-03','enfant'),(50,'ziya','arienne','arienne.ziya@email.com','Rue Marie Magne','LE BORN','48029','1977-06-15','2017-02-12','adulte'),(51,'zivit','aristide','aristide.zivit@email.com','Allée André Maginot','LE BORN','48029','1975-01-02','2017-05-18','adulte'),(52,'ziva','arlette','arlette.ziva@email.com','Avenue du Parc','LE BORN','48029','1975-04-01','2018-02-25','adulte'),(53,'ziv','armand','armand.ziv@email.com','Chemin de Croix Bénite','LE BORN','48029','1979-10-08','2017-03-19','adulte'),(54,'zita','armel','armel.zita@email.com','Rue de la Coquille','LE BORN','48029','2008-08-24','2017-03-13','enfant'),(55,'zisel','armelle','armelle.zisel@email.com','Rue des Fougères','LE BORN','48029','1986-10-25','2017-02-26','adulte'),(56,'zipporah','arnaud','arnaud.zipporah@email.com','Avenue Pierre Molette','TOULOUSE','31555','1990-12-27','2017-02-11','adulte'),(57,'zion','arnaude','arnaude.zion@email.com','Rue Frayssinet','TOULOUSE','31555','1977-07-01','2017-02-11','adulte'),(58,'zinovia','aude','aude.zinovia@email.com','Rue Cambard','TOULOUSE','31555','1997-07-12','2017-04-17','etudiant'),(59,'zinnia','auguste','auguste.zinnia@email.com','Place Marcel Bouilloux-Lafont','TOULOUSE','31555','1987-06-01','2017-05-10','adulte'),(60,'zinaida','augustin','augustin.zinaida@email.com','Allée de Limayrac','TOULOUSE','31555','1976-11-26','2017-05-11','adulte'),(61,'zina','aurèle','aurèle.zina@email.com','Impasse Francisque Sarcey','TOULOUSE','31555','2004-08-02','2017-02-05','enfant'),(62,'zimri','aurélie','aurélie.zimri@email.com','Rue Raymond Boulogne','TOULOUSE','31555','1976-01-27','2017-03-15','adulte'),(63,'zilpah','aurelien','aurelien.zilpah@email.com','Rue Raymond IV','TOULOUSE','31555','1998-12-22','2017-03-13','etudiant'),(64,'zillah','aurore','aurore.zillah@email.com','Rue Paul Painlevé','TOULOUSE','31555','1999-09-13','2017-05-24','etudiant'),(65,'zilla','avril','avril.zilla@email.com','Allée Xavier Sarradet','TOULOUSE','31555','1983-03-22','2017-01-08','adulte'),(66,'ziba','axelle','axelle.ziba@email.com','Impasse des Etats Unis','TOULOUSE','31555','2001-04-29','2017-04-26','enfant'),(67,'zia','baptiste','baptiste.zia@email.com','Rond-point Henri Erable','LE MESNIL ROUXELIN','50321','1988-07-20','2017-01-28','adulte'),(68,'zhou','barbara','barbara.zhou@email.com','Rue des Filatiers','LE MESNIL ROUXELIN','50321','1972-09-14','2017-05-22','adulte'),(69,'zhenya','barnabé','barnabé.zhenya@email.com','Rond-point Madeleine Pelletier','LE MESNIL ROUXELIN','50321','1979-05-18','2017-04-17','adulte'),(70,'zhen','barthélémy','barthélémy.zhen@email.com','Rue Bénezet','LE MESNIL ROUXELIN','50321','2011-08-21','2017-03-14','enfant'),(71,'zev','basile','basile.zev@email.com','Rue Alberto-Santos Dumont','LE MESNIL ROUXELIN','50321','2003-04-11','2017-04-13','enfant'),(72,'zeus','bastien','bastien.zeus@email.com','Rue Jean Bardy','LE MESNIL ROUXELIN','50321','2013-10-09','2017-02-21','enfant'),(73,'zeta','baudouin','baudouin.zeta@email.com','Passage Roquemaurel','LE MESNIL ROUXELIN','50321','1992-05-10','2017-02-28','adulte'),(74,'zerachiel','béatrice','béatrice.zerachiel@email.com','Impasse de la Tour','LE MESNIL ROUXELIN','50321','2003-08-27','2017-08-20','enfant'),(75,'zephyra','bénédicte','bénédicte.zephyra@email.com','Passage Jean Lapayre','LE MESNIL ROUXELIN','50321','1971-11-08','2017-04-24','adulte'),(76,'zephyr','benjamin','benjamin.zephyr@email.com','Rue Idrac','LE MESNIL ROUXELIN','50321','1981-10-23','2017-04-09','adulte'),(77,'zephaniah','benjamine','benjamine.zephaniah@email.com','Pont Jean-Luc Lagardère','LE MESNIL ROUXELIN','50321','1976-10-27','2017-10-01','adulte'),(78,'zephania','benoit','benoit.zephania@email.com','Avenue de l\'Hers','LE MESNIL ROUXELIN','50321','1968-09-16','2017-01-02','adulte'),(79,'zeph','benoite','benoite.zeph@email.com','Rue Maria Mombiola','PRIX LES MEZIERES','08346','1998-04-10','2017-01-11','etudiant'),(80,'zenzi','bernadette','bernadette.zenzi@email.com','Impasse Camille Langlade','PRIX LES MEZIERES','08346','1968-05-23','2017-03-24','adulte'),(81,'zenovia','bernard','bernard.zenovia@email.com','Rue Louis Mene','PRIX LES MEZIERES','08346','1979-05-19','2017-05-21','adulte'),(82,'zenon','bernardine','bernardine.zenon@email.com','Impasse Suzanne Lenglen','PRIX LES MEZIERES','08346','1973-07-15','2017-01-23','adulte'),(83,'zenobia','berthe','berthe.zenobia@email.com','Rue du Pont Montaudran','PRIX LES MEZIERES','08346','2013-05-23','2017-01-28','enfant'),(84,'zeno','bertrand','bertrand.zeno@email.com','Rue de Madagascar','PRIX LES MEZIERES','08346','1979-06-21','2017-03-19','adulte'),(85,'zenia','blaise','blaise.zenia@email.com','Rue Médecin Colonel Calbairac','PRIX LES MEZIERES','08346','1989-08-22','2017-05-28','adulte'),(86,'zena','blanche','blanche.zena@email.com','Rue Bernard Palissy','PRIX LES MEZIERES','08346','1991-06-16','2017-01-18','adulte'),(87,'zelpha','boniface','boniface.zelpha@email.com','Rue du colonel Paul Paillole','PRIX LES MEZIERES','08346','1972-05-04','2017-01-05','adulte'),(88,'zelpah','brice','brice.zelpah@email.com','Rue de la Colombette','PRIX LES MEZIERES','08346','1970-08-20','2017-04-16','adulte'),(89,'zelma','brigitte','brigitte.zelma@email.com','Rue Emile Littré','PRIX LES MEZIERES','08346','1968-04-03','2017-07-20','adulte'),(90,'zella','bruno','bruno.zella@email.com','Impasse du Mont Blanc','PRIX LES MEZIERES','08346','2011-01-07','2017-08-04','enfant'),(91,'zelig','camille','camille.zelig@email.com','Rue René Fonquerne','PRIX LES MEZIERES','08346','1982-04-14','2017-03-02','adulte'),(92,'zelde','carine','carine.zelde@email.com','Rue des Jacobins','WARCQ','08497','2012-04-01','2017-01-18','enfant'),(93,'zelda','carole','carole.zelda@email.com','Avenue de la Roseraie','WARCQ','08497','1998-03-29','2017-07-11','etudiant'),(94,'zeki','caroline','caroline.zeki@email.com','Rue Etienne Dolet','WARCQ','08497','1985-02-10','2017-03-03','adulte'),(95,'zeke','catherine','catherine.zeke@email.com','Rue Baptiste Marcet','WARCQ','08497','2014-07-27','2017-01-26','enfant'),(96,'zeev','cécile','cécile.zeev@email.com','Rue Sainte Anne','WARCQ','08497','2000-09-26','2017-01-05','etudiant'),(97,'zedekiah','céleste','céleste.zedekiah@email.com','Cheminement Georges Castex','WARCQ','08497','1993-02-06','2017-01-04','adulte'),(98,'zed','célestin','célestin.zed@email.com','Rond-point Louis-Victorin Cassagne','WARCQ','08497','1996-08-02','2017-05-04','etudiant'),(99,'zechariah','célestine','célestine.zechariah@email.com','Rue de la Petite Vitesse','WARCQ','08497','1985-02-05','2017-02-20','adulte'),(100,'zebulun','céline','céline.zebulun@email.com','Chemin de Saint Martory','WARCQ','08497',NULL,NULL,NULL);
/*!40000 ALTER TABLE `adherent` ENABLE KEYS */;
UNLOCK TABLES;

--
-- Table structure for table `auteur`
--

DROP TABLE IF EXISTS `auteur`;
/*!40101 SET @saved_cs_client     = @@character_set_client */;
/*!40101 SET character_set_client = utf8 */;
CREATE TABLE `auteur` (
  `id_auteur` int(11) NOT NULL AUTO_INCREMENT,
  `nom` varchar(50) NOT NULL,
  `prenom` varchar(50) DEFAULT NULL,
  PRIMARY KEY (`id_auteur`)
) ENGINE=InnoDB AUTO_INCREMENT=224 DEFAULT CHARSET=utf8mb4;
/*!40101 SET character_set_client = @saved_cs_client */;

--
-- Dumping data for table `auteur`
--

LOCK TABLES `auteur` WRITE;
/*!40000 ALTER TABLE `auteur` DISABLE KEYS */;
INSERT INTO `auteur` VALUES (2,'Abouet','Marguerite'),(3,'Adam',NULL),(4,'Adam','Olivier'),(5,'Adler-Olsen','Jussi'),(6,'Algésiras',NULL),(7,'Allancé','Mireille d\''),(8,'Arnaldur Indriđason',NULL),(9,'Ashbé','Jeanne'),(10,'Atwood','Margaret'),(11,'Audur Ava Olafsdottir',NULL),(12,'Bagieu','Pénélope'),(13,'Barton','Byron'),(14,'Beigbeder','Frédéric'),(15,'Ben Jelloun','Tahar'),(16,'Berner','Rotraut Susanne'),(17,'Bertschy',NULL),(18,'Bigot','Gigi'),(19,'Bird','Brad'),(20,'Blake','Stéphanie'),(21,'Bouchié','Pascale'),(22,'Bourdeaut','Olivier'),(23,'Boyd','William'),(24,'Brown','Dan'),(25,'Browne','Anthony'),(26,'Brown','Margaret Wise'),(27,'Bussi','Michel'),(28,'Carle','Eric'),(29,'Carré','Isabelle'),(30,'Carrère d\'Encausse','Marina'),(31,'Carrisi','Donato'),(32,'Cauvin','Raoul'),(33,'Cazenove',NULL),(34,'Cazenove','Christophe'),(35,'Chalandon','Sorj'),(36,'Chamblain','Joris'),(37,'Chattam','Maxime'),(38,'Clark','Mary Higgins'),(39,'Coben','Harlan'),(40,'Cohen','Jacqueline'),(41,'Cohen','Jaqueline'),(42,'Colombani','Laetitia'),(43,'Columbus','Chris'),(44,'Connelly','Michael'),(45,'Coppée','Thierry'),(46,'Corbeyran',NULL),(47,'Corentin','Philippe'),(48,'Crausaz','Anne'),(49,'Crowther','Kitty'),(50,'Cuaron','Alfonso'),(51,'Culliford','Thierry'),(52,'Cusset','Catherine'),(53,'Cuvie',NULL),(54,'Cyrulnik','Boris'),(55,'Dabos','Christelle'),(56,'Darasse',NULL),(57,'Davis','Jim'),(58,'Davois','Bernard'),(59,'Delaf',NULL),(60,'Delebecque','François'),(61,'Delerm','Philippe'),(62,'Delporte','Yvan'),(63,'Dequier','Bruno'),(64,'Derib',NULL),(65,'Desnouveaux','Florence'),(66,'Despentes','Virginie'),(67,'Díaz Vizoso','Miguel'),(68,'Dicker','Joël'),(69,'Didier','Anne'),(70,'Du Bouchet','Paule'),(71,'Dubuc','Maryse'),(72,'Dugain','Marc'),(73,'Dutto','Olivier'),(74,'Emberley','Ed'),(75,'Enders','Giulia'),(76,'Erroc',NULL),(77,'Faye','Gael'),(78,'Ferney','Alice'),(79,'Ferrandez','Jacques'),(80,'Ferrante','Elena'),(81,'Ferri','Jean-Yves'),(82,'Foenkinos','David'),(83,'Foer','Jonathan Safran'),(84,'Follett','Ken'),(85,'Forge','Sylvain'),(86,'Frain','Irène'),(87,'Fraipont','Céline'),(88,'Freitag','Hayo'),(89,'Gavalda','Anna'),(90,'Gay-Para','Praline'),(91,'Gazzotti','Bruno'),(92,'Giacometti','Eric'),(93,'Godi','Bernard'),(94,'Goscinny','René'),(95,'Guez','Olivier'),(96,'Guibert','Emmanuel'),(97,'Haenel','Yannick'),(98,'Hamon','Jérôme'),(99,'Harari','Yuval Noah'),(100,'Harrison','Jim'),(101,'Haughton','Chris'),(102,'Hawkins','Paula'),(103,'Hergé',NULL),(104,'Héritier','Françoise'),(105,'Hill','Eric'),(106,'Hoban','Tana'),(107,'Hope','Anna'),(108,'Horikoshi','Kohei'),(109,'Houellebecq','Michel'),(110,'Hudrisier','Cécile'),(111,'Iwamura','Kazuo'),(112,'Jablonka','Ivan'),(113,'Jaenada','Philippe'),(114,'Jardin','Alexandre'),(115,'Job',NULL),(116,'Jost','Alain'),(117,'Jul',NULL),(118,'Kasano','Yuichi'),(119,'Kennedy','Douglas'),(120,'Kiffer','Christine'),(121,'Kinney','Jeff'),(122,'Kishimito','Masashi'),(123,'Kishimoto','Masashi'),(124,'Konami','K.'),(125,'Konami','Kanata'),(126,'Läckberg','Camilla'),(127,'Lagercrantz','David'),(128,'Laudec',NULL),(129,'Le Clézio','Jean-Marie Gustave'),(130,'Ledu','Stéphanie'),(131,'Legardinier','Gilles'),(132,'Lemaitre','Pierre'),(133,'Lenoir','Frédéric'),(134,'Leon','Donna'),(135,'Le Saux','Alain'),(136,'Lévy','Marc'),(137,'Lindgren','Barbro'),(138,'Lionni','Leo'),(139,'Lupano',NULL),(140,'Lupano','Wilfrid'),(141,'Lyfoung','Patricia'),(142,'Magris','Claudio'),(143,'Marai','Sandor'),(144,'Mashima','Hiro'),(145,'Matsuoka','Tatsuhide'),(146,'Maubille','Jean'),(147,'Maury','William'),(148,'Meyer','Deon'),(149,'Midam',NULL),(150,'Minier','Bernard'),(151,'Miyazaki','Hayao'),(152,'Modiano','Patrick'),(153,'Montaigne','Marion'),(154,'Moynot','Emmanuel'),(155,'Mr Tan',NULL),(156,'Musso','Guillaume'),(157,'Nakagawa','Chihiro'),(158,'Naumann-Villemin','Christine'),(159,'Neel','Julien'),(160,'Nesbo','Jo'),(161,'Newell','Mike'),(162,'Nob',NULL),(163,'Norek','Olivier'),(164,'Nothomb','Amélie'),(165,'Nury','Fabien'),(166,'Ocelot','Michel'),(167,'Oda','Eiichirō'),(168,'Olmi','Véronique'),(169,'Ormesson','Jean d\''),(170,'Pancol','Katherine'),(171,'Parot','Jean-François'),(172,'Parthoens','Luc'),(173,'Patelin',NULL),(174,'Pennart','Geoffroy de'),(175,'Peyo',NULL),(176,'Pica',NULL),(177,'Reitherman','Wolfgang'),(178,'Rosen','Michael'),(179,'Rowling','Joanne Kathleen'),(180,'Rufin','Jean-Christophe'),(181,'Saint-Mars','Dominique de'),(182,'Salvayre','Lydie'),(183,'Sanders','Alex'),(184,'Sapin','Mathieu'),(185,'Sattouf','Riad'),(186,'Schmitt','Éric-Emmanuel'),(187,'Sendak','Maurice'),(188,'Sfar','Joann'),(189,'Slimani','Leïla'),(190,'Sobral','Patrick'),(191,'Spielberg','Steven'),(192,'Stevenson','Robert'),(193,'Stilton','Geronimo'),(194,'Strasser','Susanne'),(195,'Tan',NULL),(196,'Tessier','Greg'),(197,'Tessier','Grégory'),(198,'Tesson','Sylvain'),(199,'Teulé','Jean'),(200,'Thomas','Chantal'),(201,'Thorne','Jack'),(202,'Tome',NULL),(203,'Tual','Nathalie'),(204,'Uderzo','Albert'),(205,'Ungerer','Tomi'),(206,'Valat','Pierre-Marie'),(207,'Vargas','Fred'),(208,'Vaugelade','Anaïs'),(209,'Vehlmann',NULL),(210,'Vehlmann','Fabien'),(211,'Verron','Laurent'),(212,'Vigan','Delphine de'),(213,'Vivès','Bastien'),(214,'Vuillard','Éric'),(215,'Waddell','Martin'),(216,'Whitehead','Colson'),(217,'Wohlleben','Peter'),(218,'Yabuno','Tenya'),(219,'Yates','David'),(220,'Yonezu','Yusuke'),(221,'Zeniter','Alice'),(222,'Zep',NULL),(223,'Zidrou',NULL);
/*!40000 ALTER TABLE `auteur` ENABLE KEYS */;
UNLOCK TABLES;

--
-- Table structure for table `cotisation`
--

DROP TABLE IF EXISTS `cotisation`;
/*!40101 SET @saved_cs_client     = @@character_set_client */;
/*!40101 SET character_set_client = utf8 */;
CREATE TABLE `cotisation` (
  `type_cotisation` varchar(50) NOT NULL,
  `montant` decimal(15,3) NOT NULL,
  `max_emprunt` int(11) NOT NULL,
  `max_jours_emprunt` int(11) NOT NULL,
  PRIMARY KEY (`type_cotisation`)
) ENGINE=InnoDB DEFAULT CHARSET=utf8mb4;
/*!40101 SET character_set_client = @saved_cs_client */;

--
-- Dumping data for table `cotisation`
--

LOCK TABLES `cotisation` WRITE;
/*!40000 ALTER TABLE `cotisation` DISABLE KEYS */;
INSERT INTO `cotisation` VALUES ('adulte',25.000,5,10),('enfant',5.000,10,21),('etudiant',10.000,8,14);
/*!40000 ALTER TABLE `cotisation` ENABLE KEYS */;
UNLOCK TABLES;

--
-- Table structure for table `couverture`
--

DROP TABLE IF EXISTS `couverture`;
/*!40101 SET @saved_cs_client     = @@character_set_client */;
/*!40101 SET character_set_client = utf8 */;
CREATE TABLE `couverture` (
  `id_livre` int(11) NOT NULL,
  `nom_couv` varchar(50) NOT NULL,
  `taille_couv` varchar(25) NOT NULL,
  `width_couv` int(11) DEFAULT NULL,
  `height_couv` int(11) DEFAULT NULL,
  `mime_couv` varchar(250) NOT NULL,
  `blob_couv` longblob NOT NULL,
  PRIMARY KEY (`id_livre`),
  CONSTRAINT `couverture_ibfk_1` FOREIGN KEY (`id_livre`) REFERENCES `livre` (`id_livre`)
) ENGINE=InnoDB DEFAULT CHARSET=utf8mb4;
/*!40101 SET character_set_client = @saved_cs_client */;

--
-- Dumping data for table `couverture`
--

LOCK TABLES `couverture` WRITE;
/*!40000 ALTER TABLE `couverture` DISABLE KEYS */;
/*!40000 ALTER TABLE `couverture` ENABLE KEYS */;
UNLOCK TABLES;

--
-- Table structure for table `ecrit`
--

DROP TABLE IF EXISTS `ecrit`;
/*!40101 SET @saved_cs_client     = @@character_set_client */;
/*!40101 SET character_set_client = utf8 */;
CREATE TABLE `ecrit` (
  `id_auteur` int(11) NOT NULL,
  `id_livre` int(11) NOT NULL,
  PRIMARY KEY (`id_auteur`,`id_livre`),
  KEY `ecrit_livre_fk` (`id_livre`),
  CONSTRAINT `ecrit_auteur_fk` FOREIGN KEY (`id_auteur`) REFERENCES `auteur` (`id_auteur`),
  CONSTRAINT `ecrit_livre_fk` FOREIGN KEY (`id_livre`) REFERENCES `livre` (`id_livre`)
) ENGINE=InnoDB DEFAULT CHARSET=utf8mb4;
/*!40101 SET character_set_client = @saved_cs_client */;

--
-- Dumping data for table `ecrit`
--

LOCK TABLES `ecrit` WRITE;
/*!40000 ALTER TABLE `ecrit` DISABLE KEYS */;
INSERT INTO `ecrit` VALUES (2,2),(2,3),(2,4),(2,5),(2,6),(2,7),(2,8),(3,10),(3,11),(4,9),(5,12),(6,13),(6,14),(7,15),(8,16),(8,17),(9,18),(10,19),(11,20),(12,21),(12,22),(13,23),(13,24),(13,25),(13,26),(14,27),(15,28),(16,29),(17,30),(17,31),(17,32),(17,33),(17,34),(18,35),(19,36),(20,37),(21,38),(22,39),(23,40),(24,41),(25,43),(26,42),(27,44),(28,45),(29,48),(30,47),(31,46),(32,49),(32,50),(32,51),(32,52),(32,53),(32,54),(33,64),(33,65),(34,55),(34,56),(34,57),(34,58),(34,59),(34,60),(34,61),(34,62),(34,63),(35,66),(36,67),(36,68),(36,69),(36,70),(37,71),(38,72),(39,73),(39,74),(40,75),(40,76),(40,77),(40,78),(40,79),(40,80),(40,81),(40,82),(40,83),(40,84),(40,85),(40,86),(40,87),(40,88),(40,89),(40,90),(40,91),(40,92),(40,93),(40,94),(40,95),(40,96),(40,97),(40,98),(40,99),(40,100),(40,101),(40,102),(40,103),(40,104),(40,105),(40,106),(40,107),(40,108),(40,109),(41,110),(42,111),(43,112),(44,113),(45,114),(45,115),(45,116),(45,117),(45,118),(45,119),(45,120),(45,121),(45,122),(45,123),(45,124),(45,125),(45,126),(46,127),(46,128),(47,129),(48,130),(49,131),(50,132),(51,133),(51,134),(51,135),(52,136),(53,137),(54,138),(55,139),(56,140),(56,141),(56,142),(56,143),(56,144),(56,145),(56,146),(56,147),(56,148),(57,149),(57,150),(57,151),(58,152),(59,153),(59,154),(59,155),(59,156),(59,157),(59,158),(60,159),(61,160),(62,161),(62,162),(63,163),(63,164),(63,165),(64,166),(64,167),(65,168),(66,169),(66,170),(66,171),(67,207),(68,172),(69,173),(69,174),(69,175),(69,176),(69,177),(69,178),(69,179),(69,180),(69,181),(69,182),(69,183),(69,184),(69,185),(69,186),(69,187),(69,188),(69,189),(70,190),(70,191),(70,192),(70,193),(70,194),(70,195),(70,196),(70,197),(70,198),(70,199),(70,200),(70,201),(71,202),(72,203),(73,204),(73,205),(73,206),(74,208),(75,209),(76,210),(76,211),(77,212),(78,213),(79,214),(80,215),(80,216),(80,217),(81,218),(81,219),(81,220),(82,221),(83,222),(84,223),(85,224),(86,225),(87,226),(87,227),(87,228),(87,229),(87,230),(88,231),(89,232),(90,233),(91,234),(91,235),(92,236),(93,237),(93,238),(93,239),(93,240),(93,241),(93,242),(93,243),(93,244),(93,245),(93,246),(93,247),(94,248),(94,249),(94,250),(94,251),(94,252),(94,253),(94,254),(94,255),(94,256),(94,257),(94,258),(94,259),(94,260),(94,261),(94,262),(94,263),(94,264),(94,265),(94,266),(94,267),(94,268),(95,269),(96,270),(96,271),(96,272),(96,273),(96,274),(96,275),(96,276),(96,277),(96,278),(96,279),(96,280),(96,281),(96,282),(96,283),(96,284),(96,285),(96,286),(96,287),(96,288),(96,289),(97,290),(98,291),(98,292),(99,293),(100,294),(101,295),(102,296),(103,297),(103,298),(103,299),(103,300),(103,301),(103,302),(103,303),(103,304),(103,305),(103,306),(103,307),(103,308),(103,309),(103,310),(103,311),(103,312),(103,313),(103,314),(103,315),(104,330),(105,316),(106,317),(107,318),(108,319),(108,320),(108,321),(108,322),(108,323),(108,324),(108,325),(108,326),(108,327),(109,328),(110,329),(111,331),(111,332),(111,333),(111,334),(112,335),(113,336),(114,337),(115,338),(116,339),(116,340),(116,341),(116,342),(116,343),(116,344),(117,345),(118,346),(118,347),(118,348),(119,349),(120,350),(121,351),(121,352),(121,353),(121,354),(121,355),(121,356),(121,357),(121,358),(121,359),(121,360),(122,361),(123,362),(123,363),(123,364),(123,365),(123,366),(123,367),(123,368),(123,369),(123,370),(123,371),(123,372),(123,373),(123,374),(123,375),(123,376),(123,377),(123,378),(124,379),(124,380),(124,381),(124,382),(124,383),(125,384),(125,385),(126,432),(126,433),(127,386),(128,387),(128,388),(128,389),(128,390),(129,391),(130,398),(131,399),(132,400),(132,401),(132,402),(133,403),(134,404),(135,392),(135,393),(135,394),(135,395),(135,396),(135,397),(136,434),(137,405),(137,406),(138,407),(139,409),(139,410),(140,408),(141,411),(141,412),(141,413),(141,414),(141,415),(141,416),(141,417),(141,418),(141,419),(141,420),(141,421),(141,422),(141,423),(141,424),(141,425),(141,426),(141,427),(141,428),(141,429),(141,430),(141,431),(142,435),(143,436),(144,437),(144,438),(144,439),(144,440),(144,441),(144,442),(144,443),(144,444),(144,445),(144,446),(144,447),(144,448),(144,449),(144,450),(144,451),(145,452),(146,453),(147,454),(147,455),(148,456),(149,457),(149,458),(149,459),(149,460),(149,461),(149,462),(149,463),(149,464),(149,465),(149,466),(149,467),(149,468),(149,469),(149,470),(149,471),(149,472),(149,473),(149,474),(149,475),(149,476),(149,477),(149,478),(149,479),(149,480),(150,481),(151,482),(151,483),(151,484),(151,485),(152,486),(153,487),(154,488),(155,489),(155,490),(155,491),(155,492),(155,493),(155,494),(156,495),(157,496),(158,497),(159,498),(159,499),(159,500),(159,501),(159,502),(159,503),(159,504),(159,505),(160,506),(161,507),(162,508),(162,509),(162,510),(162,511),(162,512),(162,513),(163,514),(164,515),(165,516),(166,517),(167,518),(167,519),(168,520),(169,521),(170,522),(171,523),(172,524),(172,525),(172,526),(172,527),(173,528),(174,529),(175,530),(175,531),(175,532),(175,533),(175,534),(175,535),(175,536),(175,537),(175,538),(175,539),(175,540),(175,541),(175,542),(176,543),(176,544),(176,545),(176,546),(176,547),(176,548),(177,549),(178,550),(179,551),(179,552),(180,553),(181,554),(181,555),(181,556),(181,557),(181,558),(181,559),(181,560),(181,561),(181,562),(181,563),(181,564),(181,565),(181,566),(181,567),(181,568),(181,569),(181,570),(181,571),(181,572),(181,573),(181,574),(181,575),(181,576),(181,577),(181,578),(181,579),(181,580),(181,581),(181,582),(181,583),(181,584),(181,585),(181,586),(181,587),(181,588),(181,589),(181,590),(181,591),(181,592),(181,593),(181,594),(181,595),(181,596),(181,597),(181,598),(181,599),(181,600),(181,601),(181,602),(181,603),(181,604),(181,605),(181,606),(181,607),(181,608),(181,609),(181,610),(181,611),(181,612),(181,613),(181,614),(181,615),(181,616),(181,617),(181,618),(181,619),(181,620),(181,621),(181,622),(181,623),(181,624),(181,625),(181,626),(181,627),(181,628),(181,629),(181,630),(181,631),(181,632),(181,633),(181,634),(181,635),(181,636),(181,637),(181,638),(181,639),(181,640),(181,641),(181,642),(181,643),(181,644),(181,645),(181,646),(181,647),(181,648),(181,649),(181,650),(181,651),(181,652),(181,653),(181,654),(181,655),(181,656),(181,657),(181,658),(181,659),(181,660),(181,661),(181,662),(181,663),(181,664),(181,665),(181,666),(181,667),(181,668),(182,669),(183,670),(184,671),(184,672),(185,673),(185,674),(185,675),(185,676),(185,677),(185,678),(186,679),(187,680),(188,681),(188,682),(189,683),(189,684),(190,685),(190,686),(190,687),(190,688),(190,689),(190,690),(190,691),(190,692),(190,693),(190,694),(190,695),(190,696),(190,697),(190,698),(190,699),(190,700),(190,701),(190,702),(190,703),(190,704),(190,705),(190,706),(190,707),(190,708),(191,709),(192,710),(193,711),(194,712),(195,713),(195,714),(195,715),(195,716),(195,717),(195,718),(195,719),(196,720),(197,721),(197,722),(197,723),(198,724),(199,725),(200,726),(201,727),(202,728),(202,729),(203,730),(204,731),(204,732),(204,733),(204,734),(204,735),(204,736),(204,737),(205,738),(206,739),(206,740),(207,741),(207,742),(208,743),(208,744),(209,1),(210,745),(210,746),(210,747),(210,748),(210,749),(210,750),(211,751),(211,752),(211,753),(211,754),(212,755),(212,756),(213,757),(214,758),(215,759),(216,760),(217,761),(218,762),(219,763),(220,764),(221,765),(222,766),(222,767),(222,768),(222,769),(222,770),(222,771),(222,772),(222,773),(222,774),(222,775),(222,776),(222,777),(222,778),(222,779),(223,780),(223,781),(223,782),(223,783),(223,784),(223,785),(223,786),(223,787),(223,788);
/*!40000 ALTER TABLE `ecrit` ENABLE KEYS */;
UNLOCK TABLES;

--
-- Table structure for table `emprunt`
--

DROP TABLE IF EXISTS `emprunt`;
/*!40101 SET @saved_cs_client     = @@character_set_client */;
/*!40101 SET character_set_client = utf8 */;
CREATE TABLE `emprunt` (
  `id_livre` int(11) NOT NULL,
  `id_adherent` int(11) NOT NULL,
  `date_emprunt` date NOT NULL,
  `date_retour` date DEFAULT NULL,
  PRIMARY KEY (`id_livre`,`id_adherent`,`date_emprunt`),
  KEY `emprunt_adherent_fk` (`id_adherent`),
  CONSTRAINT `emprunt_adherent_fk` FOREIGN KEY (`id_adherent`) REFERENCES `adherent` (`id_adherent`),
  CONSTRAINT `emprunt_livre_fk` FOREIGN KEY (`id_livre`) REFERENCES `livre` (`id_livre`) ON DELETE CASCADE
) ENGINE=InnoDB DEFAULT CHARSET=utf8mb4;
/*!40101 SET character_set_client = @saved_cs_client */;

--
-- Dumping data for table `emprunt`
--

LOCK TABLES `emprunt` WRITE;
/*!40000 ALTER TABLE `emprunt` DISABLE KEYS */;
INSERT INTO `emprunt` VALUES (1,36,'2017-07-25','2017-08-11'),(2,14,'2018-01-01',NULL),(5,13,'2017-01-25','2017-01-30'),(5,13,'2018-08-05','2018-08-16'),(6,39,'2017-12-19','2018-01-04'),(8,82,'2018-03-16','2018-03-17'),(9,88,'2017-04-16','2017-04-24'),(10,13,'2018-04-02','2018-04-09'),(13,90,'2018-04-21','2018-04-22'),(14,76,'2018-02-22','2018-03-07'),(15,13,'2017-04-18','2017-04-27'),(15,36,'2018-08-15','2018-08-17'),(19,45,'2017-03-04','2017-03-09'),(20,47,'2017-03-03','2017-03-05'),(20,66,'2018-02-14','2018-02-23'),(21,60,'2018-08-28','2018-09-03'),(22,2,'2017-03-26','2017-04-06'),(23,47,'2017-03-07','2017-03-16'),(24,60,'2018-02-24','2018-02-26'),(24,89,'2017-11-10',NULL),(25,38,'2017-05-27','2017-06-07'),(27,17,'2017-05-14','2017-05-31'),(28,49,'2018-03-03','2018-03-11'),(29,6,'2018-08-12','2018-08-19'),(29,90,'2018-08-20','2018-09-04'),(30,47,'2017-11-11','2017-11-18'),(30,97,'2017-08-22','2017-08-26'),(31,59,'2017-11-26','2017-12-10'),(31,61,'2018-04-28','2018-05-12'),(32,10,'2017-09-04','2017-09-06'),(36,75,'2018-05-16','2018-05-31'),(36,86,'2017-02-16','2017-02-25'),(36,87,'2017-04-21','2017-05-04'),(37,18,'2018-03-27','2018-04-03'),(42,63,'2017-10-05','2017-10-22'),(43,4,'2018-07-03','2018-07-18'),(43,30,'2018-01-20','2018-02-01'),(43,32,'2018-07-10','2018-07-14'),(43,60,'2017-05-11','2017-05-24'),(43,87,'2017-05-22','2017-06-01'),(45,47,'2017-06-27','2017-07-05'),(46,6,'2017-11-16','2017-11-26'),(46,80,'2017-03-24','2017-04-02'),(46,88,'2018-03-23','2018-04-04'),(47,60,'2018-02-27','2018-03-16'),(48,59,'2018-03-24','2018-04-02'),(49,73,'2017-08-08','2017-08-09'),(52,26,'2017-05-24','2017-06-06'),(53,37,'2017-12-15','2017-12-17'),(54,12,'2018-07-09','2018-07-22'),(54,88,'2018-01-22','2018-01-29'),(55,18,'2018-06-16',NULL),(55,69,'2017-04-28','2017-05-06'),(55,79,'2017-07-08','2017-07-24'),(56,67,'2017-05-04','2017-05-11'),(58,27,'2018-03-27','2018-04-10'),(58,32,'2017-01-10','2017-01-17'),(58,45,'2018-03-19','2018-04-05'),(58,58,'2018-01-07','2018-01-23'),(58,80,'2017-11-01','2017-11-07'),(58,86,'2017-01-18','2017-02-04'),(59,39,'2017-06-28','2017-07-09'),(60,8,'2017-02-18','2017-02-25'),(60,40,'2017-02-17','2017-02-22'),(60,66,'2017-04-26','2017-05-13'),(61,89,'2018-03-15','2018-03-27'),(63,62,'2018-04-18','2018-04-21'),(66,6,'2018-06-16','2018-06-30'),(68,4,'2018-03-19','2018-03-31'),(68,21,'2017-06-11','2017-06-18'),(68,61,'2017-08-18','2017-08-25'),(68,99,'2017-11-19','2017-11-22'),(71,46,'2017-11-14','2017-11-21'),(71,96,'2017-09-05','2017-09-11'),(72,1,'2017-12-03',NULL),(72,12,'2018-03-03','2018-03-19'),(73,79,'2017-01-11',NULL),(74,75,'2018-06-09','2018-06-24'),(75,7,'2017-03-27','2017-03-30'),(75,23,'2018-03-01','2018-03-11'),(75,49,'2018-02-19','2018-02-26'),(75,97,'2017-03-09','2017-03-14'),(76,10,'2017-08-25',NULL),(79,74,'2018-04-03','2018-04-15'),(80,58,'2017-06-12','2017-06-27'),(81,10,'2018-04-17','2018-05-03'),(81,44,'2018-03-01','2018-03-05'),(82,82,'2017-11-05','2017-11-19'),(83,84,'2017-03-19','2017-04-02'),(83,85,'2018-03-25','2018-04-06'),(86,87,'2017-03-08','2017-03-12'),(88,51,'2018-02-27','2018-03-01'),(89,78,'2017-02-16','2017-02-22'),(90,34,'2017-11-04','2017-11-08'),(91,9,'2018-08-17','2018-08-22'),(91,99,'2017-02-20','2017-02-27'),(92,92,'2018-02-17','2018-02-22'),(94,74,'2017-08-20','2017-08-30'),(95,7,'2017-07-12','2017-07-13'),(95,85,'2017-06-19','2017-06-30'),(95,92,'2017-12-04','2017-12-05'),(97,65,'2017-02-18','2017-03-06'),(98,28,'2018-06-03','2018-06-18'),(99,43,'2017-10-04','2017-10-08'),(100,8,'2017-06-19','2017-07-05'),(100,73,'2018-06-01','2018-06-07'),(100,79,'2018-04-23','2018-05-09'),(101,47,'2018-08-07','2018-08-21'),(102,10,'2017-09-12','2017-09-14'),(107,24,'2017-05-01','2017-05-18'),(107,80,'2018-04-07','2018-04-08'),(108,54,'2017-03-13','2017-03-27'),(111,3,'2017-06-10','2017-06-19'),(111,38,'2018-06-17','2018-06-26'),(112,36,'2018-02-10','2018-02-23'),(112,67,'2018-05-17','2018-05-31'),(113,45,'2017-06-13','2017-06-20'),(114,6,'2017-11-17','2017-11-26'),(114,63,'2017-09-09','2017-09-14'),(119,12,'2017-02-26','2017-03-15'),(119,43,'2018-02-16','2018-02-18'),(119,85,'2018-05-22','2018-05-23'),(119,93,'2017-09-17','2017-09-22'),(120,75,'2017-10-26','2017-11-07'),(121,58,'2017-04-17','2017-04-25'),(125,60,'2018-02-03','2018-02-17'),(127,45,'2018-06-05','2018-06-22'),(129,23,'2017-04-07','2017-04-08'),(132,35,'2017-02-25',NULL),(132,64,'2017-12-26','2018-01-07'),(135,28,'2017-11-03','2017-11-12'),(137,51,'2017-07-11','2017-07-25'),(137,57,'2017-06-04',NULL),(138,79,'2017-10-28','2017-11-12'),(140,32,'2017-07-01','2017-07-11'),(140,61,'2018-06-27','2018-07-09'),(140,78,'2017-03-23','2017-03-29'),(141,40,'2017-10-11','2017-10-19'),(142,38,'2017-12-14','2017-12-17'),(142,82,'2017-09-03','2017-09-15'),(143,2,'2017-10-14','2017-10-18'),(143,60,'2017-12-14','2017-12-23'),(143,89,'2018-04-26','2018-05-07'),(144,42,'2017-02-03','2017-02-05'),(144,51,'2017-06-13','2017-06-17'),(144,76,'2017-05-25','2017-06-02'),(146,26,'2017-03-18','2017-03-28'),(146,59,'2017-12-26','2018-01-08'),(146,83,'2018-04-18','2018-05-04'),(146,91,'2018-02-06','2018-02-17'),(147,16,'2017-01-17','2017-01-21'),(147,56,'2018-07-23','2018-07-28'),(147,80,'2017-11-10','2017-11-24'),(150,70,'2017-03-14','2017-03-16'),(151,36,'2017-02-19','2017-03-03'),(151,50,'2017-07-01','2017-07-17'),(152,17,'2017-10-08','2017-10-12'),(152,61,'2018-08-14','2018-08-23'),(152,95,'2017-08-18',NULL),(154,48,'2017-12-19','2017-12-26'),(158,17,'2018-07-25','2018-08-08'),(159,52,'2018-05-21','2018-05-29'),(161,12,'2017-01-11','2017-01-16'),(161,43,'2017-12-20','2018-01-03'),(162,11,'2017-03-10','2017-03-25'),(162,11,'2018-02-25','2018-02-27'),(162,15,'2017-03-08','2017-03-17'),(163,44,'2017-02-26','2017-03-05'),(163,61,'2017-02-05','2017-02-13'),(164,5,'2018-08-14','2018-08-31'),(164,76,'2018-08-05','2018-08-12'),(166,15,'2017-04-16','2017-04-20'),(166,80,'2018-07-06','2018-07-10'),(167,6,'2017-07-16','2017-07-30'),(167,79,'2017-04-07','2017-04-12'),(168,5,'2018-04-11','2018-04-20'),(169,1,'2017-04-20','2017-04-30'),(169,10,'2018-05-09',NULL),(169,83,'2017-09-04','2017-09-12'),(169,89,'2018-03-23','2018-04-08'),(172,15,'2018-02-23','2018-03-08'),(175,91,'2018-02-28','2018-03-11'),(175,97,'2017-05-24','2017-05-29'),(176,23,'2017-03-15','2017-03-26'),(179,31,'2018-04-01','2018-04-03'),(181,8,'2017-08-20',NULL),(181,60,'2017-12-17','2018-01-01'),(182,59,'2017-05-10','2017-05-16'),(183,17,'2017-12-24','2017-12-27'),(183,25,'2017-07-18','2017-07-24'),(183,91,'2018-08-24','2018-08-27'),(184,67,'2018-06-10','2018-06-16'),(185,44,'2017-08-25','2017-09-03'),(187,74,'2017-11-15','2017-11-19'),(189,73,'2018-07-16','2018-07-22'),(189,87,'2018-02-17','2018-02-18'),(190,69,'2017-04-17','2017-04-18'),(191,37,'2017-11-14','2017-11-30'),(191,66,'2018-01-15','2018-02-01'),(192,25,'2018-04-12','2018-04-22'),(193,33,'2017-05-25','2017-06-06'),(195,62,'2018-03-21','2018-04-01'),(196,1,'2018-04-27','2018-05-03'),(196,11,'2018-08-15','2018-08-16'),(196,87,'2017-10-17',NULL),(196,99,'2017-05-16','2017-05-24'),(197,41,'2018-01-28','2018-02-09'),(199,7,'2017-09-01','2017-09-16'),(199,17,'2018-03-23','2018-04-04'),(199,46,'2017-09-26','2017-09-29'),(199,67,'2018-08-25',NULL),(200,28,'2018-08-26','2018-09-01'),(202,55,'2018-06-14','2018-06-15'),(202,63,'2017-10-27',NULL),(203,94,'2017-04-20','2017-04-26'),(204,5,'2017-09-15','2017-09-16'),(205,21,'2017-08-25','2017-09-08'),(206,13,'2017-07-11','2017-07-20'),(206,44,'2018-04-18','2018-05-03'),(207,53,'2017-11-25','2017-12-12'),(208,20,'2018-08-22','2018-09-03'),(209,81,'2017-09-08','2017-09-23'),(211,35,'2018-03-19','2018-03-24'),(211,90,'2018-06-04',NULL),(212,78,'2018-01-26','2018-02-09'),(212,93,'2018-06-11','2018-06-12'),(214,57,'2017-02-14','2017-02-17'),(214,83,'2017-01-28','2017-02-10'),(215,3,'2018-02-01','2018-02-10'),(215,59,'2018-01-05','2018-01-19'),(216,95,'2018-03-27','2018-04-06'),(217,11,'2018-01-22','2018-01-31'),(219,59,'2018-03-09','2018-03-14'),(221,2,'2018-07-28','2018-08-01'),(224,13,'2018-03-04','2018-03-18'),(228,38,'2017-11-10','2017-11-22'),(230,83,'2017-05-12','2017-05-23'),(230,95,'2017-09-17','2017-09-25'),(231,18,'2018-03-21','2018-04-03'),(231,82,'2018-05-12','2018-05-13'),(232,42,'2017-03-07','2017-03-15'),(232,55,'2017-12-09','2017-12-24'),(233,52,'2018-02-25','2018-02-27'),(233,60,'2018-02-15','2018-03-02'),(233,66,'2018-08-25','2018-08-31'),(233,94,'2017-03-03','2017-03-14'),(235,14,'2017-04-11','2017-04-24'),(241,87,'2017-01-05','2017-01-06'),(242,18,'2017-06-19','2017-06-22'),(244,65,'2018-06-28',NULL),(246,78,'2017-08-16','2017-08-29'),(247,2,'2018-06-26','2018-07-03'),(248,71,'2017-08-02','2017-08-16'),(249,14,'2017-10-23','2017-10-25'),(249,24,'2018-02-25','2018-03-12'),(250,35,'2017-10-14','2017-10-22'),(252,8,'2018-04-26','2018-05-02'),(252,55,'2017-12-01','2017-12-17'),(252,71,'2017-12-03','2017-12-14'),(256,6,'2018-06-07','2018-06-21'),(258,29,'2018-05-05','2018-05-08'),(258,84,'2018-05-04','2018-05-13'),(259,9,'2018-04-03','2018-04-16'),(260,31,'2017-04-27','2017-05-07'),(260,54,'2017-08-22','2017-08-28'),(260,78,'2017-02-14','2017-02-28'),(262,17,'2017-12-21','2018-01-02'),(262,34,'2018-08-11','2018-08-15'),(268,24,'2017-07-07','2017-07-08'),(268,28,'2018-05-08','2018-05-22'),(269,33,'2018-04-24','2018-05-02'),(269,47,'2017-11-05','2017-11-14'),(272,17,'2018-03-21','2018-03-24'),(273,8,'2017-05-12','2017-05-25'),(274,88,'2017-08-04','2017-08-12'),(275,3,'2017-11-17','2017-12-03'),(275,64,'2017-11-04','2017-11-07'),(279,16,'2017-05-07','2017-05-20'),(279,25,'2018-09-03','2018-09-11'),(281,16,'2017-03-19','2017-03-22'),(282,2,'2017-03-16','2017-04-01'),(282,68,'2018-06-21','2018-07-06'),(283,36,'2017-08-19','2017-09-04'),(283,96,'2018-03-09','2018-03-25'),(284,12,'2018-03-25','2018-03-27'),(284,65,'2018-07-03','2018-07-09'),(284,76,'2017-09-13','2017-09-30'),(284,93,'2018-04-19','2018-04-22'),(285,57,'2017-03-12','2017-03-28'),(287,57,'2017-11-20','2017-12-05'),(288,73,'2018-07-02','2018-07-04'),(291,23,'2018-03-03','2018-03-11'),(292,53,'2018-03-22','2018-04-03'),(292,59,'2017-05-13','2017-05-30'),(293,63,'2017-03-13','2017-03-26'),(294,38,'2017-03-08','2017-03-24'),(295,43,'2017-02-24','2017-02-27'),(295,83,'2017-02-27','2017-03-10'),(296,17,'2017-03-22','2017-04-03'),(296,87,'2017-08-22','2017-08-24'),(297,57,'2017-05-01',NULL),(299,7,'2018-02-13','2018-02-21'),(300,50,'2018-08-23','2018-08-24'),(301,89,'2017-07-20','2017-08-06'),(305,46,'2017-07-10','2017-07-21'),(306,33,'2017-02-28','2017-03-07'),(306,47,'2017-06-03','2017-06-11'),(307,24,'2017-12-28','2017-12-30'),(307,33,'2018-01-17',NULL),(310,59,'2018-05-10','2018-05-21'),(312,32,'2018-02-27','2018-03-04'),(312,59,'2017-07-24','2017-08-09'),(312,86,'2018-08-03','2018-08-06'),(314,49,'2017-05-26','2017-06-02'),(316,43,'2017-05-06','2017-05-22'),(316,79,'2017-09-24','2017-10-10'),(318,27,'2017-02-08','2017-02-10'),(318,86,'2018-01-13','2018-01-29'),(319,59,'2018-02-07','2018-02-11'),(319,92,'2017-01-18','2017-02-04'),(321,16,'2018-08-06','2018-08-18'),(321,29,'2018-03-11','2018-03-16'),(321,56,'2018-08-01','2018-08-15'),(321,58,'2018-05-26','2018-06-09'),(321,98,'2018-02-13','2018-02-14'),(323,56,'2017-02-11','2017-02-27'),(324,72,'2018-01-12','2018-01-23'),(326,88,'2017-07-21','2017-07-24'),(326,88,'2017-12-08','2017-12-11'),(327,17,'2017-06-11','2017-06-19'),(327,71,'2018-04-06',NULL),(327,75,'2018-01-20','2018-01-29'),(328,38,'2017-06-15','2017-06-17'),(330,41,'2018-02-28','2018-03-11'),(331,10,'2018-08-12','2018-08-24'),(335,62,'2017-07-03','2017-07-18'),(339,88,'2018-07-10','2018-07-15'),(340,78,'2018-04-18','2018-04-25'),(341,33,'2017-11-20','2017-12-07'),(341,38,'2017-10-11','2017-10-27'),(341,98,'2018-06-12','2018-06-16'),(343,14,'2017-12-04','2017-12-14'),(344,85,'2017-05-28','2017-06-10'),(345,89,'2018-06-24','2018-07-05'),(346,47,'2018-07-02','2018-07-06'),(349,12,'2017-07-18','2017-08-04'),(352,20,'2017-03-17','2017-04-03'),(353,44,'2018-01-22','2018-01-27'),(353,79,'2018-05-14','2018-05-30'),(354,32,'2017-01-23','2017-01-26'),(354,34,'2017-10-02','2017-10-03'),(356,11,'2017-05-03','2017-05-11'),(360,47,'2017-10-16','2017-10-30'),(360,78,'2018-02-08',NULL),(361,50,'2017-08-16',NULL),(363,15,'2017-10-02','2017-10-18'),(364,27,'2018-07-13','2018-07-23'),(365,7,'2018-06-15','2018-06-25'),(366,4,'2017-06-20','2017-06-23'),(367,86,'2018-06-11','2018-06-24'),(370,71,'2017-07-24','2017-07-30'),(371,67,'2017-05-26','2017-06-03'),(372,26,'2017-11-04','2017-11-07'),(373,94,'2018-03-02','2018-03-14'),(374,23,'2017-12-17','2017-12-28'),(375,19,'2017-09-27','2017-10-07'),(375,20,'2018-03-08','2018-03-16'),(376,50,'2018-07-22','2018-08-06'),(376,64,'2017-05-24','2017-05-29'),(376,93,'2017-07-11','2017-07-19'),(378,37,'2018-02-14',NULL),(379,76,'2018-06-25','2018-07-02'),(383,40,'2017-09-28','2017-10-03'),(386,1,'2018-01-20','2018-01-24'),(386,10,'2017-09-24','2017-10-09'),(388,6,'2018-08-10','2018-08-24'),(389,49,'2017-02-19','2017-03-04'),(391,56,'2017-12-19','2017-12-28'),(392,85,'2017-08-22','2017-08-24'),(393,68,'2018-06-22','2018-07-07'),(393,91,'2018-01-05','2018-01-06'),(394,5,'2018-08-02','2018-08-09'),(395,91,'2018-09-04','2018-09-21'),(396,56,'2018-04-21','2018-05-06'),(397,68,'2017-11-04','2017-11-19'),(398,53,'2018-03-09','2018-03-11'),(399,74,'2017-08-25','2017-09-01'),(402,17,'2018-08-19','2018-09-05'),(404,14,'2017-03-28','2017-04-03'),(406,17,'2017-12-11','2017-12-24'),(406,19,'2017-07-27','2017-08-03'),(406,67,'2018-03-20','2018-03-28'),(408,47,'2017-10-07','2017-10-21'),(409,62,'2017-09-28','2017-10-01'),(412,62,'2018-03-21','2018-03-23'),(412,73,'2018-02-08','2018-02-14'),(413,42,'2017-12-24','2017-12-27'),(414,18,'2017-06-06','2017-06-08'),(414,76,'2017-08-09','2017-08-20'),(415,5,'2018-07-13','2018-07-30'),(415,87,'2017-02-26','2017-03-14'),(416,57,'2017-02-11','2017-02-21'),(418,14,'2018-04-15','2018-04-26'),(418,53,'2017-03-19','2017-03-30'),(419,55,'2018-06-16','2018-06-29'),(419,66,'2018-08-27','2018-09-09'),(420,3,'2017-08-19','2017-08-24'),(420,41,'2018-03-19','2018-04-02'),(420,49,'2018-08-26','2018-09-03'),(422,87,'2018-08-01','2018-08-07'),(424,74,'2018-06-07','2018-06-12'),(424,92,'2017-10-23','2017-11-06'),(426,47,'2017-07-03','2017-07-05'),(427,87,'2018-09-02','2018-09-11'),(428,10,'2017-12-05','2017-12-11'),(428,17,'2017-06-18','2017-07-01'),(428,26,'2017-09-09','2017-09-25'),(429,55,'2017-02-26','2017-03-06'),(430,24,'2017-05-12','2017-05-25'),(430,32,'2017-02-22','2017-02-27'),(431,38,'2017-08-09','2017-08-14'),(435,98,'2017-05-12','2017-05-28'),(436,72,'2017-11-04','2017-11-09'),(439,15,'2018-02-26','2018-02-27'),(439,30,'2018-02-09','2018-02-11'),(440,60,'2018-08-10','2018-08-14'),(440,65,'2018-02-13','2018-02-25'),(441,14,'2017-12-11','2017-12-14'),(443,76,'2018-07-08','2018-07-18'),(444,72,'2017-10-13','2017-10-21'),(446,24,'2018-08-22','2018-08-27'),(447,84,'2018-01-02','2018-01-13'),(448,80,'2017-11-07','2017-11-19'),(450,54,'2018-07-25','2018-07-27'),(450,62,'2018-06-23','2018-07-06'),(451,46,'2017-05-18','2017-05-29'),(453,54,'2017-10-06','2017-10-19'),(454,89,'2018-07-18','2018-07-21'),(455,8,'2017-08-04',NULL),(455,43,'2018-08-16','2018-08-30'),(455,68,'2017-10-10','2017-10-21'),(456,57,'2017-04-26','2017-05-03'),(458,17,'2017-06-12','2017-06-25'),(458,83,'2018-08-03','2018-08-15'),(459,70,'2018-09-02','2018-09-16'),(460,9,'2018-03-06','2018-03-10'),(464,14,'2018-09-04','2018-09-09'),(468,42,'2017-11-11',NULL),(469,41,'2017-10-02','2017-10-18'),(470,33,'2017-02-23','2017-03-08'),(470,91,'2018-07-18','2018-08-01'),(471,2,'2017-03-04','2017-03-05'),(471,11,'2017-09-10','2017-09-25'),(471,22,'2018-03-04','2018-03-08'),(473,36,'2017-10-28','2017-10-31'),(474,15,'2018-03-09','2018-03-25'),(474,27,'2018-02-06','2018-02-09'),(474,97,'2017-09-05','2017-09-15'),(475,13,'2017-08-22','2017-09-01'),(479,45,'2018-07-15','2018-08-01'),(479,73,'2018-07-11','2018-07-26'),(479,99,'2017-10-21','2017-11-03'),(480,81,'2018-04-17','2018-05-03'),(481,90,'2017-10-07','2017-10-11'),(482,33,'2017-07-25','2017-07-27'),(482,92,'2018-03-05','2018-03-11'),(484,54,'2017-09-22','2017-10-04'),(485,11,'2018-04-13','2018-04-14'),(485,30,'2017-06-27','2017-07-11'),(485,50,'2017-02-12','2017-02-17'),(485,65,'2017-11-14','2017-11-25'),(485,74,'2018-06-08','2018-06-24'),(486,4,'2018-06-21','2018-06-29'),(486,96,'2018-06-01',NULL),(487,26,'2018-07-08',NULL),(489,78,'2017-09-21','2017-09-28'),(490,13,'2017-01-25','2017-02-11'),(490,71,'2017-12-03','2017-12-17'),(491,27,'2017-12-26','2018-01-09'),(492,34,'2018-02-11','2018-02-13'),(493,55,'2018-01-15','2018-01-31'),(493,75,'2017-08-02','2017-08-19'),(494,41,'2017-08-04','2017-08-17'),(496,73,'2018-02-27','2018-03-09'),(497,22,'2018-03-05','2018-03-21'),(498,34,'2018-01-19','2018-02-01'),(499,59,'2017-11-16','2017-11-19'),(503,23,'2018-04-19','2018-04-29'),(503,75,'2017-05-19','2017-05-21'),(505,44,'2017-01-24','2017-02-03'),(506,6,'2017-02-02','2017-02-16'),(506,56,'2018-08-21','2018-09-06'),(506,81,'2017-10-10','2017-10-20'),(506,90,'2017-08-04','2017-08-18'),(507,60,'2017-08-12','2017-08-20'),(507,91,'2018-08-02','2018-08-15'),(508,82,'2017-01-23','2017-02-04'),(510,29,'2017-01-06','2017-01-13'),(511,84,'2017-10-09','2017-10-15'),(512,61,'2017-12-09',NULL),(512,66,'2017-09-16','2017-09-18'),(515,78,'2017-01-02','2017-01-04'),(516,21,'2017-02-26',NULL),(516,44,'2017-10-02','2017-10-14'),(516,96,'2018-06-15',NULL),(517,88,'2018-03-03','2018-03-07'),(518,64,'2017-09-28','2017-09-30'),(519,50,'2018-05-26','2018-06-01'),(520,49,'2017-01-24','2017-02-01'),(520,63,'2017-10-10','2017-10-23'),(520,78,'2017-12-06','2017-12-09'),(521,41,'2018-02-01','2018-02-06'),(522,42,'2017-09-05','2017-09-06'),(523,1,'2018-01-22','2018-01-30'),(526,14,'2017-06-28','2017-07-05'),(529,17,'2017-11-16','2017-11-18'),(532,20,'2017-06-08','2017-06-16'),(534,37,'2017-03-28','2017-04-13'),(535,26,'2017-04-12',NULL),(535,35,'2018-04-18','2018-05-03'),(538,11,'2017-09-20','2017-10-07'),(538,21,'2018-07-28','2018-07-31'),(540,18,'2017-03-21','2017-03-26'),(543,25,'2017-01-24','2017-01-30'),(544,50,'2018-06-20','2018-06-21'),(546,65,'2017-01-08','2017-01-25'),(546,78,'2018-08-17','2018-08-31'),(547,65,'2018-01-03','2018-01-14'),(548,21,'2018-07-04','2018-07-05'),(549,34,'2018-07-08','2018-07-17'),(549,38,'2018-01-08','2018-01-22'),(550,83,'2017-06-17','2017-06-20'),(551,92,'2017-08-23',NULL),(553,23,'2017-01-09',NULL),(553,48,'2018-03-12','2018-03-24'),(553,81,'2017-05-21','2017-05-23'),(554,46,'2017-02-05','2017-02-21'),(555,18,'2017-09-07','2017-09-24'),(555,70,'2017-08-11','2017-08-21'),(557,14,'2017-08-21','2017-09-02'),(558,16,'2017-08-25','2017-09-03'),(562,79,'2018-06-24','2018-07-01'),(563,34,'2017-03-21','2017-03-23'),(563,39,'2017-01-03','2017-01-19'),(563,55,'2018-04-19','2018-05-05'),(564,48,'2017-11-20','2017-11-23'),(565,4,'2017-09-21','2017-09-23'),(566,40,'2018-01-28','2018-01-29'),(566,55,'2018-02-07','2018-02-14'),(567,12,'2017-04-17','2017-04-25'),(567,74,'2017-10-21','2017-10-25'),(570,1,'2018-03-23','2018-03-25'),(572,32,'2018-07-16','2018-07-18'),(573,42,'2018-06-22','2018-07-06'),(573,64,'2017-12-11','2017-12-23'),(573,95,'2017-03-03','2017-03-05'),(574,68,'2017-05-22','2017-06-03'),(574,86,'2018-03-17','2018-04-02'),(575,82,'2018-03-24','2018-03-30'),(577,77,'2018-05-26','2018-05-31'),(579,87,'2017-05-04','2017-05-12'),(580,10,'2017-05-17','2017-05-28'),(580,14,'2017-01-23','2017-02-03'),(580,61,'2018-02-05','2018-02-20'),(581,29,'2017-12-04','2017-12-07'),(582,60,'2017-08-27','2017-09-01'),(584,4,'2017-04-23','2017-05-03'),(584,22,'2017-06-04','2017-06-15'),(584,84,'2017-04-01','2017-04-12'),(586,72,'2017-02-21','2017-03-09'),(587,54,'2017-04-25','2017-05-11'),(587,81,'2018-08-23','2018-08-26'),(588,89,'2018-08-05','2018-08-14'),(589,10,'2018-01-05','2018-01-18'),(589,25,'2017-12-03','2017-12-06'),(589,85,'2017-09-13','2017-09-23'),(590,65,'2018-08-18','2018-09-04'),(592,73,'2017-02-28',NULL),(592,82,'2018-01-17','2018-01-26'),(597,4,'2018-03-06','2018-03-07'),(598,52,'2018-04-20','2018-05-01'),(599,15,'2017-07-06','2017-07-15'),(599,75,'2017-06-19','2017-06-23'),(601,38,'2017-03-15','2017-03-20'),(602,99,'2017-04-02','2017-04-06'),(603,35,'2018-03-24','2018-04-01'),(603,47,'2017-02-06','2017-02-16'),(605,86,'2018-04-09','2018-04-13'),(605,93,'2017-09-02','2017-09-15'),(611,3,'2018-05-06',NULL),(611,46,'2017-11-16','2017-12-02'),(611,91,'2017-03-02','2017-03-16'),(612,95,'2018-01-12','2018-01-13'),(615,46,'2017-11-21','2017-12-01'),(616,15,'2018-04-05','2018-04-08'),(616,52,'2018-09-03','2018-09-12'),(617,42,'2017-07-15','2017-07-20'),(623,85,'2018-08-18','2018-08-22'),(625,41,'2018-03-13','2018-03-30'),(626,56,'2017-03-08','2017-03-15'),(628,2,'2017-10-26','2017-11-10'),(628,75,'2017-04-24','2017-04-25'),(628,88,'2018-02-27','2018-03-09'),(632,4,'2017-08-10','2017-08-20'),(634,7,'2017-10-03','2017-10-15'),(634,85,'2017-12-08','2017-12-13'),(635,62,'2017-03-15','2017-03-29'),(636,54,'2017-10-06',NULL),(637,11,'2018-07-04','2018-07-13'),(637,38,'2017-09-19','2017-09-29'),(640,26,'2018-03-04','2018-03-08'),(642,35,'2018-05-15','2018-05-25'),(642,63,'2017-03-18','2017-03-27'),(644,20,'2017-01-17','2017-01-31'),(645,67,'2017-06-03',NULL),(647,23,'2017-02-03','2017-02-17'),(648,38,'2017-06-27','2017-07-09'),(651,23,'2017-07-08','2017-07-18'),(652,67,'2018-01-10','2018-01-22'),(653,96,'2017-01-05','2017-01-16'),(654,88,'2018-05-10','2018-05-13'),(655,56,'2017-04-21',NULL),(656,1,'2018-07-08','2018-07-23'),(656,86,'2018-02-12','2018-02-27'),(657,23,'2017-09-28','2017-10-02'),(657,68,'2017-12-04','2017-12-11'),(658,33,'2018-03-27','2018-04-02'),(658,54,'2017-10-06','2017-10-16'),(659,73,'2017-05-26','2017-06-09'),(660,81,'2017-07-10','2017-07-19'),(661,57,'2018-05-25','2018-06-04'),(662,5,'2017-07-02','2017-07-06'),(662,19,'2017-01-23','2017-02-03'),(663,95,'2017-01-26','2017-02-05'),(664,66,'2018-08-03','2018-08-14'),(665,1,'2017-02-25','2017-03-03'),(666,34,'2017-11-06','2017-11-15'),(666,80,'2017-11-16','2017-11-30'),(667,31,'2018-02-16','2018-03-05'),(667,95,'2018-05-01','2018-05-10'),(669,67,'2018-02-03',NULL),(670,40,'2018-08-11','2018-08-17'),(670,98,'2017-05-04','2017-05-19'),(671,31,'2017-04-07','2017-04-09'),(671,69,'2017-07-07','2017-07-15'),(674,17,'2018-06-17','2018-06-19'),(675,36,'2018-06-04','2018-06-05'),(675,88,'2018-07-02','2018-07-04'),(677,90,'2017-10-24','2017-11-04'),(678,10,'2017-05-21','2017-05-29'),(678,16,'2017-11-23','2017-12-09'),(678,18,'2017-08-19','2017-08-26'),(678,41,'2017-08-12','2017-08-24'),(681,55,'2018-01-28',NULL),(683,16,'2017-08-09','2017-08-14'),(683,38,'2017-12-19','2017-12-31'),(685,31,'2018-03-16','2018-03-31'),(685,95,'2018-07-10','2018-07-16'),(686,45,'2018-02-13','2018-02-24'),(687,91,'2018-02-25',NULL),(687,98,'2017-07-07','2017-07-14'),(688,78,'2017-09-18','2017-09-29'),(690,57,'2018-04-05','2018-04-07'),(691,46,'2017-12-15','2018-01-01'),(691,67,'2017-01-28','2017-02-01'),(692,40,'2017-08-11','2017-08-13'),(692,43,'2017-02-11','2017-02-26'),(696,14,'2017-06-10','2017-06-11'),(699,27,'2017-09-20','2017-09-23'),(700,66,'2017-12-22','2017-12-29'),(703,66,'2017-08-10','2017-08-23'),(704,96,'2017-05-19','2017-05-27'),(704,96,'2018-01-17','2018-01-25'),(712,19,'2017-10-01','2017-10-02'),(712,39,'2017-08-05',NULL),(712,64,'2017-09-11','2017-09-28'),(712,78,'2017-06-28','2017-07-02'),(712,97,'2018-05-01','2018-05-02'),(714,56,'2018-01-18','2018-01-21'),(715,49,'2017-01-03','2017-01-18'),(715,76,'2017-04-09','2017-04-18'),(715,95,'2018-06-17','2018-06-23'),(716,95,'2017-06-27','2017-07-01'),(718,16,'2017-11-12','2017-11-13'),(718,25,'2018-07-28','2018-08-04'),(719,21,'2017-03-26','2017-03-31'),(719,77,'2017-10-01','2017-10-07'),(719,98,'2018-05-27','2018-06-01'),(720,31,'2018-07-08','2018-07-14'),(720,44,'2018-01-27','2018-01-30'),(720,51,'2017-05-18','2017-05-25'),(721,17,'2018-06-21','2018-06-28'),(722,31,'2018-02-11','2018-02-20'),(722,97,'2017-01-04','2017-01-20'),(724,20,'2018-03-14',NULL),(724,28,'2018-03-07','2018-03-16'),(724,71,'2018-05-18',NULL),(725,6,'2017-01-18','2017-01-24'),(726,63,'2018-05-21','2018-05-30'),(728,6,'2018-04-18','2018-05-04'),(729,3,'2017-10-10','2017-10-12'),(729,66,'2018-06-03','2018-06-04'),(729,67,'2017-06-23','2017-07-07'),(730,9,'2017-07-07','2017-07-09'),(733,13,'2017-04-12','2017-04-25'),(733,57,'2018-01-16','2018-02-02'),(737,18,'2017-01-15','2017-01-30'),(737,57,'2018-06-05','2018-06-15'),(737,89,'2017-11-02','2017-11-16'),(738,90,'2018-05-24','2018-06-06'),(739,71,'2017-04-13','2017-04-26'),(739,73,'2018-06-12','2018-06-27'),(741,54,'2017-08-25','2017-09-03'),(742,56,'2018-07-13',NULL),(743,5,'2018-02-15','2018-02-28'),(743,66,'2017-08-15','2017-08-22'),(747,59,'2017-07-09','2017-07-19'),(748,37,'2017-11-15','2017-11-24'),(748,62,'2017-04-01','2017-04-04'),(749,33,'2018-01-22','2018-02-03'),(750,33,'2017-02-23','2017-03-06'),(750,60,'2018-02-28','2018-03-07'),(754,17,'2018-04-05',NULL),(754,50,'2018-04-23','2018-05-03'),(755,48,'2017-08-04','2017-08-14'),(755,66,'2017-12-18','2018-01-01'),(756,48,'2018-07-07','2018-07-20'),(756,77,'2018-05-18','2018-05-26'),(756,86,'2017-04-21','2017-04-28'),(757,20,'2017-07-14','2017-07-29'),(759,29,'2017-12-15','2017-12-18'),(760,12,'2018-05-15','2018-05-31'),(764,93,'2017-08-01','2017-08-04'),(765,27,'2017-07-12','2017-07-13'),(767,4,'2017-11-23',NULL),(767,36,'2017-06-06','2017-06-21'),(767,48,'2018-03-25','2018-03-27'),(767,75,'2017-12-26',NULL),(767,85,'2018-05-02','2018-05-15'),(768,18,'2017-02-16','2017-02-19'),(768,40,'2018-01-15','2018-01-20'),(771,90,'2017-10-13','2017-10-28'),(771,92,'2018-01-20','2018-01-23'),(772,28,'2017-07-09','2017-07-15'),(774,20,'2017-11-21','2017-11-27'),(774,66,'2017-05-12','2017-05-26'),(775,13,'2018-04-10','2018-04-19'),(776,5,'2017-09-18','2017-09-22'),(776,27,'2017-04-14','2017-04-22'),(779,26,'2017-07-27','2017-08-11'),(780,18,'2018-05-21','2018-05-23'),(781,1,'2017-01-25','2017-02-06'),(782,44,'2017-06-26','2017-06-27'),(783,50,'2017-02-19','2017-02-20'),(784,86,'2017-04-01',NULL),(786,84,'2018-04-23','2018-05-01'),(787,64,'2018-03-04','2018-03-08');
/*!40000 ALTER TABLE `emprunt` ENABLE KEYS */;
UNLOCK TABLES;

--
-- Table structure for table `livre`
--

DROP TABLE IF EXISTS `livre`;
/*!40101 SET @saved_cs_client     = @@character_set_client */;
/*!40101 SET character_set_client = utf8 */;
CREATE TABLE `livre` (
  `id_livre` int(11) NOT NULL AUTO_INCREMENT,
  `titre` varchar(250) NOT NULL,
  `collection` varchar(50) DEFAULT NULL,
  `nb_exemplaire` int(11) NOT NULL,
  `isbn` varchar(15) DEFAULT NULL,
  PRIMARY KEY (`id_livre`)
) ENGINE=InnoDB AUTO_INCREMENT=789 DEFAULT CHARSET=utf8mb4;
/*!40101 SET character_set_client = @saved_cs_client */;

--
-- Dumping data for table `livre`
--

LOCK TABLES `livre` WRITE;
/*!40000 ALTER TABLE `livre` DISABLE KEYS */;
INSERT INTO `livre` VALUES (1,'Seuls. 9. Avant l\'Enfant-Minuit ',NULL,5,NULL),(2,'Akissi. 1. Attaque de chats',NULL,0,NULL),(3,'Akissi. 2. Super-héros en plâtre',NULL,7,NULL),(4,'Akissi. 6. Sans amis',NULL,7,NULL),(5,'Faux départ',NULL,7,NULL),(6,'Mixture magique',NULL,6,NULL),(7,'Rentrée musclée',NULL,5,NULL),(8,'Vole-mouton',NULL,8,NULL),(9,'Chanson de la ville silencieuse : roman',NULL,2,NULL),(10,'Fatal attraction',NULL,8,NULL),(11,'Game over. 7. Only for your eyes',NULL,6,NULL),(12,'Selfies',NULL,7,NULL),(13,'Le bal d\'hiver',NULL,8,NULL),(14,'Le bal d\'été',NULL,1,NULL),(15,'Grosse colère',NULL,4,NULL),(16,'Dans l\'ombre',NULL,7,NULL),(17,'La femme de l\'ombre',NULL,0,NULL),(18,'A ce soir !',NULL,7,NULL),(19,'C\'est le coeur qui lâche en dernier',NULL,0,NULL),(20,'Ör',NULL,0,NULL),(21,'Culottées : des femmes qui ne font que ce qu\'elles veulent. 1',NULL,2,NULL),(22,'Culottées : des femmes qui ne font que ce qu\'elles veulent. 2',NULL,0,NULL),(23,'La toute petite dame',NULL,5,NULL),(24,'Ma maison',NULL,0,NULL),(25,'Ma voiture',NULL,5,NULL),(26,'Sur le chantier',NULL,6,NULL),(27,'Une vie sans fin',NULL,4,NULL),(28,'La punition : récit',NULL,3,NULL),(29,'Le livre de la nuit',NULL,8,NULL),(30,'Cancre intergalactique',NULL,3,NULL),(31,'Définitivement nuisible',NULL,9,NULL),(32,'Exécrable par nature',NULL,1,NULL),(33,'Mini cataclysme',NULL,4,NULL),(34,'Nelson. 16. Déplorable surprise',NULL,4,NULL),(35,'Grand-mère sucre et grand-père chocolat',NULL,4,NULL),(36,'Ratatouille',NULL,4,NULL),(37,'Mais... c\'est pas juste !',NULL,6,NULL),(38,'Marion Duval. 22. La reine éternelle',NULL,5,NULL),(39,'Pactum salis',NULL,6,NULL),(40,'Tous ces chemins que nous n\'avons pas pris',NULL,4,NULL),(41,'Origine',NULL,7,NULL),(42,'Bonsoir lune',NULL,5,NULL),(43,'Mon papa',NULL,9,NULL),(44,'On la trouvait plutôt jolie',NULL,8,NULL),(45,'La chenille qui fait des trous',NULL,2,NULL),(46,'Tenebra Roma',NULL,3,NULL),(47,'Une femme entre deux mondes',NULL,8,NULL),(48,'Les rêveurs : roman',NULL,5,NULL),(49,'C\'est quand qu\'on part ?',NULL,4,NULL),(50,'Cédric. 30. Silence, je tourne !',NULL,5,NULL),(51,'Elle est moche !',NULL,7,NULL),(52,'Enfin seuls !',NULL,5,NULL),(53,'Faux départ !',NULL,9,NULL),(54,'Temps de chien !',NULL,4,NULL),(55,'Attention tornade',NULL,4,NULL),(56,'Bill est un gros rapporteur !',NULL,5,NULL),(57,'C\'est dans sa nature',NULL,9,NULL),(58,'C\'est elle qui a commencé',NULL,7,NULL),(59,'C\'est nikol crème !',NULL,4,NULL),(60,'Les sisters. 10. Survitaminées !',NULL,8,NULL),(61,'Mon coup d\'soleil, c\'est toi !',NULL,4,NULL),(62,'Toujours dans les pattes !',NULL,6,NULL),(63,'Tout pour lui plaire !',NULL,0,NULL),(64,'A la mode de chez nous',NULL,2,NULL),(65,'Un air de famille',NULL,1,NULL),(66,'Le jour d\'avant : roman',NULL,5,NULL),(67,'La déesse sans visage',NULL,8,NULL),(68,'Le dernier des cinq trésors',NULL,4,NULL),(69,'Le livre d\'Hector',NULL,4,NULL),(70,'Le zoo pétrifié',NULL,2,NULL),(71,'L\'appel du néant',NULL,8,NULL),(72,'La reine du bal',NULL,4,NULL),(73,'Double piège',NULL,2,NULL),(74,'Intimidation',NULL,4,NULL),(75,'A l\'attaque !',NULL,9,NULL),(76,'Abracada...boum !',NULL,8,NULL),(77,'Allez, les monstres !',NULL,1,NULL),(78,'Au zoo, les zozos !',NULL,7,NULL),(79,'Bande de sauvages !',NULL,8,NULL),(80,'Ben ça, alors !',NULL,0,NULL),(81,'Bienvenue au club !',NULL,2,NULL),(82,'Bonjour les cadeaux !',NULL,5,NULL),(83,'C\'est magique !',NULL,6,NULL),(84,'Ca roule !',NULL,9,NULL),(85,'Ca va chauffer !',NULL,9,NULL),(86,'Drôle de cirque !',NULL,4,NULL),(87,'Dégâts à gogo !',NULL,2,NULL),(88,'Et que ça saute !',NULL,8,NULL),(89,'Ici Radio-casserole',NULL,2,NULL),(90,'Increvables !',NULL,5,NULL),(91,'La salsa des saucisses',NULL,7,NULL),(92,'La tribu des affreux',NULL,1,NULL),(93,'Les Cartables décollent',NULL,8,NULL),(94,'Les deux terreurs',NULL,9,NULL),(95,'Les fous du mercredi',NULL,5,NULL),(96,'Les premiers de la casse',NULL,9,NULL),(97,'Les vacances infernales',NULL,4,NULL),(98,'Poux, papous et pas papous',NULL,4,NULL),(99,'Salut, les zinzins !',NULL,5,NULL),(100,'Subliiiimes !',NULL,5,NULL),(101,'Superstars',NULL,8,NULL),(102,'Superstars',NULL,6,NULL),(103,'Tom-Tom et l\'impossible Nana',NULL,3,NULL),(104,'Tom-Tom et ses idées explosives',NULL,3,NULL),(105,'Tom-Tom le roi de la tambouille',NULL,0,NULL),(106,'Toujours plus fort !',NULL,9,NULL),(107,'Toujours plus fort !',NULL,2,NULL),(108,'Tremblez, carcasses !',NULL,0,NULL),(109,'Trop, c\'est trop !',NULL,3,NULL),(110,'Les mabouls déboulent !',NULL,4,NULL),(111,'La tresse',NULL,8,NULL),(112,'Harry Potter à l\'école des sorciers',NULL,5,NULL),(113,'Jusqu\'à l\'impensable',NULL,5,NULL),(114,'L\'as des pitres',NULL,1,NULL),(115,'L\'histoire drôle',NULL,5,NULL),(116,'L\'école des vannes',NULL,7,NULL),(117,'L\'élève dépasse le mètre',NULL,3,NULL),(118,'L\'épreuve de farce',NULL,4,NULL),(119,'La rentrée des crasses',NULL,0,NULL),(120,'Le maître blagueur',NULL,2,NULL),(121,'Le sot à ski',NULL,3,NULL),(122,'Les blagues de Toto. 12. Bête de concours',NULL,7,NULL),(123,'Les blagues de Toto. 7. La classe qui rit',NULL,1,NULL),(124,'Sous les cahiers, la plage',NULL,7,NULL),(125,'Super zéro !',NULL,4,NULL),(126,'Tueurs à gags',NULL,3,NULL),(127,'A la folie',NULL,1,NULL),(128,'Relax !',NULL,7,NULL),(129,'Plouf !',NULL,5,NULL),(130,'Et le soir quand la nuit tombe...',NULL,6,NULL),(131,'Scritch scratch dip clapote !',NULL,9,NULL),(132,'Harry Potter et le prisonnier d\'Azkaban',NULL,6,NULL),(133,'Les Schtroumpfs et l\'arbre d\'or',NULL,8,NULL),(134,'Les Schtroumpfs et les haricots mauves',NULL,4,NULL),(135,'Schtroumpf-les-Bains',NULL,5,NULL),(136,'Vie de David Hockney',NULL,0,NULL),(137,'En scène !. 1',NULL,3,NULL),(138,'Psychothérapie de Dieu',NULL,6,NULL),(139,'La mémoire de Babel',NULL,7,NULL),(140,'A la folie !',NULL,3,NULL),(141,'Amies pour la vie !. 14',NULL,7,NULL),(142,'Diego',NULL,3,NULL),(143,'Entre les deux, mon coeur balance...',NULL,7,NULL),(144,'Loin des yeux...',NULL,0,NULL),(145,'Ma première fois !',NULL,1,NULL),(146,'Maman, je rigole !',NULL,2,NULL),(147,'Quelle famille d\'enfer !',NULL,0,NULL),(148,'Tu dépasses !',NULL,6,NULL),(149,'Chat geek',NULL,7,NULL),(150,'Chat glisse',NULL,4,NULL),(151,'Garfield perd la boule',NULL,9,NULL),(152,'Mon imagier des comptines de la maternelle',NULL,7,NULL),(153,'Duel de belles',NULL,1,NULL),(154,'Les nombrils. 3. Les liens de l\'amitié',NULL,9,NULL),(155,'Les nombrils. 6. Un été trop mortel !',NULL,7,NULL),(156,'Pour qui tu te prends ?',NULL,6,NULL),(157,'Sale temps pour les moches',NULL,3,NULL),(158,'Un couple d\'enfer',NULL,2,NULL),(159,'Vroum ! Vroum !',NULL,1,NULL),(160,'Et vous avez eu beau temps ? : la perfidie ordinaire des petites phrases',NULL,0,NULL),(161,'La Schtroumpfette',NULL,1,NULL),(162,'Le schtroumpfissime',NULL,8,NULL),(163,'L\'espoir fait vivre',NULL,7,NULL),(164,'Louca. 2. Face à face',NULL,4,NULL),(165,'Si seulement...',NULL,4,NULL),(166,'Le lézard de l\'ombre',NULL,5,NULL),(167,'Le mangeur d\'étoiles',NULL,3,NULL),(168,'La moufle',NULL,2,NULL),(169,'Vernon Subutex. 1',NULL,4,NULL),(170,'Vernon Subutex. 2',NULL,8,NULL),(171,'Vernon Subutex. 3',NULL,2,NULL),(172,'Le livre des Baltimore : roman',NULL,6,NULL),(173,'Anatole Latuile. 6. Pas de panique !',NULL,8,NULL),(174,'C\'est parti !',NULL,1,NULL),(175,'Ca déménage !',NULL,6,NULL),(176,'Emile et Margot. 2. Monstrueuses bêtises !',NULL,6,NULL),(177,'Emile et Margot. 7. Monstres en folie',NULL,1,NULL),(178,'Ils sont partout !',NULL,6,NULL),(179,'Interdit aux monstres',NULL,4,NULL),(180,'Le monde à l\'envers',NULL,4,NULL),(181,'Le roi du chahut',NULL,4,NULL),(182,'Merci, les monstres !',NULL,5,NULL),(183,'Oohiohioo !',NULL,6,NULL),(184,'Personne en vue !',NULL,6,NULL),(185,'Record battu !',NULL,3,NULL),(186,'Sauve qui peut',NULL,3,NULL),(187,'Ultra top secret !',NULL,0,NULL),(188,'Un bazar monstre. 3',NULL,9,NULL),(189,'Ça va dégominer !',NULL,5,NULL),(190,'Coco en vacances',NULL,6,NULL),(191,'Coco et la confiture',NULL,2,NULL),(192,'Coco et le bébé',NULL,8,NULL),(193,'Coco et le poisson Ploc',NULL,8,NULL),(194,'Coco et le tambour',NULL,7,NULL),(195,'Coco et les bulles de savon',NULL,4,NULL),(196,'Coco et son pot',NULL,2,NULL),(197,'Coco à l\'école',NULL,7,NULL),(198,'Dodo, Coco !',NULL,7,NULL),(199,'L\'anniversaire de Coco',NULL,3,NULL),(200,'Le doudou de Coco : une histoire mise en musique',NULL,0,NULL),(201,'Le pyjama de Coco',NULL,9,NULL),(202,'Un bonheur presque parfait',NULL,7,NULL),(203,'Ils vont tuer Robert Kennedy',NULL,9,NULL),(204,'Frère adoré chéri de mon coeur !',NULL,6,NULL),(205,'Superfrèreman',NULL,0,NULL),(206,'Une soeur Présidente',NULL,7,NULL),(207,'Un enfant chez les schtroumpfs',NULL,6,NULL),(208,'Va-t\'en, grand monstre vert !',NULL,1,NULL),(209,'Le charme discret de l\'intestin : tout sur un organe mal aimé',NULL,1,NULL),(210,'Hors sujet',NULL,8,NULL),(211,'Les profs. 17. Sortie scolaire',NULL,8,NULL),(212,'Petit pays',NULL,7,NULL),(213,'Les Bourgeois : roman',NULL,7,NULL),(214,'Le premier homme',NULL,5,NULL),(215,'Celle qui fuit et celle qui reste',NULL,1,NULL),(216,'L\'amie prodigieuse : enfance, adolescence',NULL,6,NULL),(217,'L\'enfant perdue',NULL,1,NULL),(218,'Astérix chez les Pictes',NULL,8,NULL),(219,'Astérix et la Transitalique',NULL,6,NULL),(220,'Le papyrus de César',NULL,1,NULL),(221,'Le mystère Henri Pick',NULL,1,NULL),(222,'Me voici',NULL,6,NULL),(223,'Une colonne de feu',NULL,5,NULL),(224,'Tension extrême : roman',NULL,2,NULL),(225,'La fille à histoires',NULL,8,NULL),(226,'A nous deux !',NULL,8,NULL),(227,'Amour glacé',NULL,0,NULL),(228,'Au château de Crotte de Maille',NULL,6,NULL),(229,'L\'hôpital des docteurs Toc-Toc',NULL,6,NULL),(230,'Madame Minuscule',NULL,2,NULL),(231,'[Images animées] : Les trois brigands',NULL,6,NULL),(232,'Fendre l\'armure',NULL,4,NULL),(233,'Roulé le loup !',NULL,9,NULL),(234,'Le clan du requin',NULL,1,NULL),(235,'Seuls. 2. Le maître des couteaux',NULL,8,NULL),(236,'L\'étoile du matin',NULL,3,NULL),(237,'La lutte des classes',NULL,9,NULL),(238,'Le Roi des cancres',NULL,3,NULL),(239,'Le fortiche de la triche',NULL,7,NULL),(240,'Miss dix sur dix',NULL,5,NULL),(241,'Peut mieux faire !',NULL,2,NULL),(242,'Premier de la classe (en commençant par la fin)',NULL,2,NULL),(243,'Profession tricheur !',NULL,6,NULL),(244,'Punis pour le meilleur et pour le pire',NULL,8,NULL),(245,'Un amour de potache',NULL,9,NULL),(246,'Un copieur sachant copier',NULL,8,NULL),(247,'Vivement les vacances !',NULL,0,NULL),(248,'Asterix en Corse',NULL,2,NULL),(249,'Astérix aux Jeux Olympiques',NULL,1,NULL),(250,'Astérix chez les Bretons',NULL,6,NULL),(251,'Astérix chez les Helvètes',NULL,7,NULL),(252,'Astérix en Hispanie',NULL,0,NULL),(253,'Astérix et la rentrée gauloise : Goscinny et Uderzo',NULL,3,NULL),(254,'Astérix et le chaudron',NULL,4,NULL),(255,'Astérix et les Goths',NULL,1,NULL),(256,'Astérix et les Normands',NULL,8,NULL),(257,'Astérix gladiateur',NULL,2,NULL),(258,'Astérix légionnaire',NULL,1,NULL),(259,'La grande traversée',NULL,7,NULL),(260,'La zizanie',NULL,6,NULL),(261,'Le bouclier arverne',NULL,7,NULL),(262,'Le cadeau de César',NULL,7,NULL),(263,'Le combat des chefs',NULL,5,NULL),(264,'Le devin',NULL,7,NULL),(265,'Le domaine des dieux',NULL,1,NULL),(266,'Le tour de Gaule d\'Astérix',NULL,4,NULL),(267,'Les lauriers de César',NULL,9,NULL),(268,'Obélix et compagnie',NULL,0,NULL),(269,'La disparition de Josef Mengele',NULL,4,NULL),(270,'Ariol. 7. Le maître-chien',NULL,2,NULL),(271,'Bisbille fait mouche',NULL,9,NULL),(272,'Chat méchant',NULL,0,NULL),(273,'Copain comme cochon',NULL,6,NULL),(274,'La cousine Manga',NULL,3,NULL),(275,'La fête à la grenouille',NULL,9,NULL),(276,'Le canard calé',NULL,8,NULL),(277,'Le chevalier cheval',NULL,0,NULL),(278,'Le coq sportif',NULL,1,NULL),(279,'Le loto des nombrils',NULL,5,NULL),(280,'Les dents du lapin',NULL,4,NULL),(281,'Les petits rats de l\'Opéra',NULL,0,NULL),(282,'Les secrets de l\'univers',NULL,0,NULL),(283,'Les trois baudets',NULL,5,NULL),(284,'Môssieur Susupe et môssieur Krokro',NULL,3,NULL),(285,'Où est Pétula ?',NULL,9,NULL),(286,'Sardine de l\'espace. 10. La reine de l\'Afripe',NULL,5,NULL),(287,'Sardine de l\'espace. 13. Le mange-manga',NULL,8,NULL),(288,'Un petit âne comme vous et moi',NULL,1,NULL),(289,'Une jolie vache',NULL,5,NULL),(290,'Tiens ferme ta couronne',NULL,7,NULL),(291,'Premiers doutes',NULL,9,NULL),(292,'Un rêve pour trois',NULL,2,NULL),(293,'Homo deus : une brève histoire de l\'avenir',NULL,4,NULL),(294,'Dernières nouvelles',NULL,2,NULL),(295,'Un peu perdu',NULL,1,NULL),(296,'Au fond de l\'eau',NULL,6,NULL),(297,'Coke en stock',NULL,9,NULL),(298,'L\'affaire Tournesol',NULL,3,NULL),(299,'L\'oreille cassée',NULL,6,NULL),(300,'L\'étoile mystérieuse',NULL,6,NULL),(301,'L\'île noire',NULL,4,NULL),(302,'Le lotus bleu',NULL,1,NULL),(303,'Le sceptre d\'Ottokar',NULL,0,NULL),(304,'Le secret de la Licorne',NULL,5,NULL),(305,'Le trésor de Rackham le Rouge',NULL,2,NULL),(306,'Les 7 boules de cristal',NULL,3,NULL),(307,'Les bijoux de la Castafiore',NULL,6,NULL),(308,'Les cigares du pharaon',NULL,8,NULL),(309,'Objectif lune',NULL,6,NULL),(310,'On a marché sur la lune',NULL,8,NULL),(311,'Tintin au Congo',NULL,1,NULL),(312,'Tintin au Tibet',NULL,6,NULL),(313,'Tintin au pays de l\'or noir',NULL,3,NULL),(314,'Tintin et les Picaros',NULL,6,NULL),(315,'Vol 714 pour Sydney',NULL,4,NULL),(316,'Où est Spot, mon petit chien ?',NULL,1,NULL),(317,'Noir sur blanc',NULL,2,NULL),(318,'La salle de bal',NULL,0,NULL),(319,'Frémissements',NULL,1,NULL),(320,'My hero academia. 1. Izuku Midoriya : les origines',NULL,2,NULL),(321,'My hero academia. 2. Déchaîne-toi, maudit nerd !',NULL,3,NULL),(322,'My hero academia. 3',NULL,1,NULL),(323,'My hero academia. 4. Celui qui avait tout',NULL,5,NULL),(324,'My hero academia. 5. Shoto Todoroki : les origines',NULL,0,NULL),(325,'My hero academia. 7. Katsuki Bakugo : les origines',NULL,6,NULL),(326,'My hero academia. 8. Momo Yaoyorozu : l\'envol',NULL,0,NULL),(327,'My hero academia. 9. My hero',NULL,8,NULL),(328,'Soumission',NULL,4,NULL),(329,'Comptines pour chanter en anglais',NULL,7,NULL),(330,'Au gré des jours',NULL,6,NULL),(331,'La famille Souris et la mare aux libellules',NULL,3,NULL),(332,'La famille Souris prépare le nouvel an',NULL,8,NULL),(333,'La lessive de la famille Souris',NULL,7,NULL),(334,'Le petit déjeuner de la famille Souris',NULL,8,NULL),(335,'En camping-car',NULL,9,NULL),(336,'La serpe',NULL,8,NULL),(337,'Ma mère avait raison : roman',NULL,1,NULL),(338,'Yakari et la tueuse des mers',NULL,1,NULL),(339,'La grande Schtroumpfette',NULL,6,NULL),(340,'Les Schtroumpfs et l\'amour sorcier',NULL,5,NULL),(341,'Les Schtroumpfs à Pilulit',NULL,9,NULL),(342,'Les schtroumpfs et le livre qui dit tout',NULL,2,NULL),(343,'Schtroumpf le héros',NULL,6,NULL),(344,'Une histoire des Schtroumpfs. 34. Les Schtroumpfs et le demi-génie',NULL,1,NULL),(345,'La terre promise',NULL,2,NULL),(346,'A la sieste tout le monde',NULL,6,NULL),(347,'Bloub bloub bloub',NULL,4,NULL),(348,'Tu nous emmènes ?',NULL,0,NULL),(349,'La symphonie du hasard. 1',NULL,1,NULL),(350,'La chèvre biscornue',NULL,8,NULL),(351,'Ca fait suer ! : guide de survie en milieu hostile',NULL,4,NULL),(352,'Carrément claustro',NULL,0,NULL),(353,'Double peine',NULL,2,NULL),(354,'La vérité toute moche : grandir ou ne pas grandir, telle est la question !',NULL,3,NULL),(355,'Pas de bol !',NULL,2,NULL),(356,'Rodrick fait sa loi',NULL,9,NULL),(357,'Trop c\'est trop',NULL,3,NULL),(358,'Un coeur à prendre',NULL,3,NULL),(359,'Un looong voyage',NULL,3,NULL),(360,'Zéro réseau',NULL,1,NULL),(361,'Naruto. 6',NULL,8,NULL),(362,'Naruto. 1',NULL,0,NULL),(363,'Naruto. 12',NULL,4,NULL),(364,'Naruto. 13',NULL,3,NULL),(365,'Naruto. 17',NULL,8,NULL),(366,'Naruto. 18',NULL,9,NULL),(367,'Naruto. 2',NULL,4,NULL),(368,'Naruto. 27',NULL,5,NULL),(369,'Naruto. 29',NULL,0,NULL),(370,'Naruto. 3',NULL,9,NULL),(371,'Naruto. 4',NULL,7,NULL),(372,'Naruto. 5',NULL,1,NULL),(373,'Naruto. 62',NULL,7,NULL),(374,'Naruto. 66',NULL,8,NULL),(375,'Naruto. 70',NULL,7,NULL),(376,'Naruto. 72',NULL,0,NULL),(377,'Naruto. 8',NULL,2,NULL),(378,'Naruto. 9',NULL,6,NULL),(379,'Chi, une vie de chat. 1',NULL,7,NULL),(380,'Chi, une vie de chat. 2',NULL,4,NULL),(381,'Chi, une vie de chat. 3',NULL,4,NULL),(382,'Chi, une vie de chat. 4',NULL,1,NULL),(383,'Chi, une vie de chat. 5',NULL,7,NULL),(384,'Chi, une vie de chat. 10',NULL,7,NULL),(385,'Chi, une vie de chat. 11',NULL,8,NULL),(386,'La fille qui rendait coup pour coup',NULL,3,NULL),(387,'Cédric. 26',NULL,4,NULL),(388,'Gâteau-surprise',NULL,1,NULL),(389,'J\'ai gagné !',NULL,7,NULL),(390,'Qu\'est-ce qu\'il a ?',NULL,3,NULL),(391,'Alma',NULL,9,NULL),(392,'Papa aime',NULL,9,NULL),(393,'Papa conduit',NULL,9,NULL),(394,'Papa dort',NULL,0,NULL),(395,'Papa est content',NULL,5,NULL),(396,'Papa gonfle',NULL,1,NULL),(397,'Papa se rase',NULL,4,NULL),(398,'Paris',NULL,8,NULL),(399,'Une fois dans ma vie',NULL,3,NULL),(400,'Au revoir là-haut : roman',NULL,4,NULL),(401,'Couleurs de l\'incendie',NULL,2,NULL),(402,'Trois jours et une vie',NULL,7,NULL),(403,'Le miracle Spinoza : une philosophie pour éclairer notre vie',NULL,1,NULL),(404,'Minuit sur le canal San Boldo',NULL,5,NULL),(405,'La tototte',NULL,5,NULL),(406,'Le pot de Tom',NULL,9,NULL),(407,'Petit-Bleu et Petit-Jaune : une histoire pour Pippo, Ann et tous les enfants',NULL,0,NULL),(408,'La magicienne',NULL,3,NULL),(409,'Bonny and Pierrot',NULL,5,NULL),(410,'Celui qui part',NULL,7,NULL),(411,'Elle a tellement changé',NULL,7,NULL),(412,'J\'irai où tu iras',NULL,3,NULL),(413,'J\'irai voir Venise',NULL,5,NULL),(414,'Je crois que je t\'aime',NULL,7,NULL),(415,'Je savais que je te rencontrerais',NULL,9,NULL),(416,'Je serai toujours avec toi',NULL,6,NULL),(417,'Je veux que tu m\'aimes !',NULL,2,NULL),(418,'La Belle et le loup. 1',NULL,5,NULL),(419,'La Rose écarlate : missions. 3. La dame en rouge',NULL,9,NULL),(420,'La dame en rouge. 2',NULL,8,NULL),(421,'La rose écarlate. 11. Peux-tu comprendre cela ?',NULL,0,NULL),(422,'La rose écarlate. 12. Tu m\'as ouvert les yeux',NULL,5,NULL),(423,'La rose écarlate. 7. Tu seras toujours à moi',NULL,9,NULL),(424,'Le spectre de la Bastille. 1',NULL,4,NULL),(425,'Le spectre de la Bastille. 2',NULL,8,NULL),(426,'Me pardonneras-tu ?',NULL,4,NULL),(427,'Où es-tu ?',NULL,2,NULL),(428,'Tu aurais dû me laisser mourir',NULL,1,NULL),(429,'Un prince à croquer. 1. Entrée',NULL,8,NULL),(430,'Un prince à croquer. 2. Plat',NULL,7,NULL),(431,'Un prince à croquer. 4. Dessert',NULL,2,NULL),(432,'La sorcière',NULL,6,NULL),(433,'Le dompteur de lions',NULL,1,NULL),(434,'La dernière des Stanfield',NULL,1,NULL),(435,'Classé sans suite : roman',NULL,4,NULL),(436,'Dernier jour à Budapest : roman',NULL,2,NULL),(437,'Fairy Tail. 1',NULL,1,NULL),(438,'Fairy Tail. 2',NULL,2,NULL),(439,'Fairy Tail. 3',NULL,5,NULL),(440,'Fairy Tail. 4',NULL,2,NULL),(441,'Fairy Tail. 48',NULL,7,NULL),(442,'Fairy Tail. 50',NULL,4,NULL),(443,'Fairy Tail. 51',NULL,0,NULL),(444,'Fairy Tail. 52',NULL,8,NULL),(445,'Fairy Tail. 53',NULL,5,NULL),(446,'Fairy Tail. 55',NULL,4,NULL),(447,'Fairy Tail. 56',NULL,9,NULL),(448,'Fairy Tail. 57',NULL,5,NULL),(449,'Fairy Tail. 58',NULL,8,NULL),(450,'Fairy Tail. 59',NULL,3,NULL),(451,'Fairy tail. 54',NULL,7,NULL),(452,'Saute',NULL,2,NULL),(453,'Grrr !',NULL,7,NULL),(454,'Quelle chouchoute !',NULL,8,NULL),(455,'Un namour de sister',NULL,2,NULL),(456,'L\'année du Lion : les mémoires de Nicolas Storm sur l\'enquête de l\'assassinat de son père : roman',NULL,1,NULL),(457,'Alien Chantilly',NULL,4,NULL),(458,'Apocalypse boy',NULL,0,NULL),(459,'Aïe aïe eye',NULL,6,NULL),(460,'Barbecue royal',NULL,0,NULL),(461,'Boing ! Boing ! Bunk !',NULL,0,NULL),(462,'Carnage total',NULL,2,NULL),(463,'Dark, j\'adore !',NULL,6,NULL),(464,'Full métal casquette',NULL,0,NULL),(465,'Game over. 13. Toxic affair',NULL,7,NULL),(466,'Game over. 8. Cold case : affaires glacées',NULL,5,NULL),(467,'Game over. 9. Bomba fatale',NULL,8,NULL),(468,'Gouzi gouzi gouzi',NULL,9,NULL),(469,'Jeux de vilains',NULL,8,NULL),(470,'Kid Paddle. 12. Panik room',NULL,8,NULL),(471,'Kid Paddle. 14. Serial player',NULL,3,NULL),(472,'Le retour de la momie qui pue qui tue',NULL,6,NULL),(473,'Oups !',NULL,8,NULL),(474,'Paddle... my name is Kid Paddle',NULL,1,NULL),(475,'Rodéo Blork',NULL,1,NULL),(476,'Slime project',NULL,9,NULL),(477,'Very bad trip',NULL,2,NULL),(478,'Walking blork',NULL,4,NULL),(479,'Watergate',NULL,3,NULL),(480,'Waterminator',NULL,7,NULL),(481,'Nuit',NULL,3,NULL),(482,'Kiki la petite sorcière',NULL,1,NULL),(483,'La château dans le ciel',NULL,0,NULL),(484,'Le voyage de Chihiro',NULL,0,NULL),(485,'Ponyo sur la falaise',NULL,6,NULL),(486,'Souvenirs dormants',NULL,8,NULL),(487,'Dans la combi de Thomas Pesquet',NULL,9,NULL),(488,'L\'homme au sang bleu',NULL,6,NULL),(489,'A la pêche aux nouilles !',NULL,0,NULL),(490,'Big bisous baveux',NULL,4,NULL),(491,'Chat va bien !',NULL,1,NULL),(492,'La rentrée des claques',NULL,7,NULL),(493,'Parents à vendre',NULL,9,NULL),(494,'Ça sent la croquette !',NULL,5,NULL),(495,'Un appartement à Paris',NULL,8,NULL),(496,'Joyeux anniversaire !',NULL,4,NULL),(497,'Nina en colère',NULL,3,NULL),(498,'Idylles',NULL,3,NULL),(499,'Journal infime',NULL,4,NULL),(500,'Le cimetière des autobus',NULL,0,NULL),(501,'Le cimetière des autobus',NULL,2,NULL),(502,'Lou !. 5',NULL,6,NULL),(503,'Lou !. 6. L\'âge de cristal',NULL,5,NULL),(504,'Lou !. 7. La cabane',NULL,5,NULL),(505,'Mortebouse',NULL,8,NULL),(506,'La soif',NULL,4,NULL),(507,'Harry Potter et la coupe de feu',NULL,1,NULL),(508,'Dad. 1. Filles à papa',NULL,1,NULL),(509,'Dad. 2. Secrets de famille',NULL,6,NULL),(510,'Les goûts et les couleurs',NULL,9,NULL),(511,'Les nerfs à vif',NULL,8,NULL),(512,'Premier service',NULL,3,NULL),(513,'Star à domicile',NULL,7,NULL),(514,'Entre deux mondes',NULL,9,NULL),(515,'Frappe-toi le coeur',NULL,4,NULL),(516,'Diplomatie',NULL,4,NULL),(517,'Kirikou et la sorcière',NULL,1,NULL),(518,'One Piece : édition originale. 82. Un monde en pleine agitation',NULL,9,NULL),(519,'One Piece : édition originale. 83. Charlotte Linlin',NULL,8,NULL),(520,'Bakhita',NULL,9,NULL),(521,'Et moi, je vis toujours',NULL,6,NULL),(522,'Trois baisers',NULL,8,NULL),(523,'Le prince de Cochinchine : roman',NULL,2,NULL),(524,'Docteur schtroumpf',NULL,0,NULL),(525,'La menace Schtroumpf',NULL,7,NULL),(526,'Le schtroumpf reporter',NULL,3,NULL),(527,'Les schtroumpfs joueurs',NULL,7,NULL),(528,'Yes, I can !',NULL,7,NULL),(529,'Le loup est revenu !',NULL,8,NULL),(530,'Gargamel et les Schtroumpfs',NULL,4,NULL),(531,'Histoires de schtroumpfs',NULL,9,NULL),(532,'L\'apprenti schtroumpf',NULL,9,NULL),(533,'L\'aéroschtroumpf',NULL,3,NULL),(534,'L\'oeuf et les schtroumpfs',NULL,1,NULL),(535,'L\'étrange réveil du Schtroumpf paresseux',NULL,0,NULL),(536,'La soupe aux schtroumpfs',NULL,1,NULL),(537,'Le bébé schtroumpf',NULL,0,NULL),(538,'Les Schtroumpfs en vacances',NULL,5,NULL),(539,'Les Schtroumpfs et le Cracoucass',NULL,2,NULL),(540,'Les p\'tits schtroumpfs',NULL,0,NULL),(541,'Salade de schtroumpfs',NULL,9,NULL),(542,'Schtroumpf vert et vert schtroumpf',NULL,9,NULL),(543,'Classe touriste',NULL,8,NULL),(544,'Fenetre sur cours',NULL,0,NULL),(545,'Loto et colles',NULL,5,NULL),(546,'Mise en examen',NULL,3,NULL),(547,'Rentrée des artistes',NULL,5,NULL),(548,'Rythme scolaire',NULL,5,NULL),(549,'Les aventures de Bernard et Bianca',NULL,0,NULL),(550,'La chasse à l\'ours',NULL,9,NULL),(551,'Harry Potter et la chambre des secrets',NULL,8,NULL),(552,'Harry Potter à l\'école des sorciers',NULL,4,NULL),(553,'Le tour du monde du roi Zibeline',NULL,7,NULL),(554,'Max raconte des bobards',NULL,8,NULL),(555,'Alex est handicapé',NULL,5,NULL),(556,'Emilie a déménagé',NULL,3,NULL),(557,'Emilie n\'aime pas quand sa mère boit trop',NULL,8,NULL),(558,'Grand-père est mort',NULL,5,NULL),(559,'Jérémy est maltraité',NULL,1,NULL),(560,'La copine de Lili a une maladie grave',NULL,6,NULL),(561,'La copine de Lili n\'a pas de papa',NULL,6,NULL),(562,'La maison de Max et Lili a été cambriolée',NULL,2,NULL),(563,'Le chien de Max et Lili est mort',NULL,3,NULL),(564,'Le cousin de Max et Lili se drogue',NULL,5,NULL),(565,'Le père de Max et Lili est au chômage',NULL,0,NULL),(566,'Le tonton de Max et Lili est en prison',NULL,8,NULL),(567,'Les parents de Max et Lili se disputent',NULL,3,NULL),(568,'Les parents de Zoé divorcent',NULL,7,NULL),(569,'Lili a la passion du cheval',NULL,3,NULL),(570,'Lili a peur de la mort',NULL,8,NULL),(571,'Lili a peur des contrôles',NULL,4,NULL),(572,'Lili a trop honte',NULL,9,NULL),(573,'Lili a un chagrin d\'amour',NULL,7,NULL),(574,'Lili a été suivie',NULL,6,NULL),(575,'Lili découvre sa Mamie',NULL,1,NULL),(576,'Lili est amoureuse',NULL,5,NULL),(577,'Lili est désordre',NULL,2,NULL),(578,'Lili est fâchée avec sa copine',NULL,9,NULL),(579,'Lili est harcelée à l\'école',NULL,3,NULL),(580,'Lili est malpolie',NULL,5,NULL),(581,'Lili est stressée par la rentrée',NULL,0,NULL),(582,'Lili fait des cauchemars',NULL,4,NULL),(583,'Lili fait sa commandante',NULL,3,NULL),(584,'Lili invite une copine en vacances',NULL,1,NULL),(585,'Lili n\'aime que les frites',NULL,3,NULL),(586,'Lili ne veut pas se coucher',NULL,5,NULL),(587,'Lili ne veut plus aller à la piscine',NULL,8,NULL),(588,'Lili ne veut plus se montrer toute nue',NULL,6,NULL),(589,'Lili part en camp de vacances',NULL,9,NULL),(590,'Lili regarde trop la télé',NULL,0,NULL),(591,'Lili rêve d\'être une femme',NULL,3,NULL),(592,'Lili se dispute avec son frère',NULL,7,NULL),(593,'Lili se fait piéger sur internet',NULL,4,NULL),(594,'Lili se fait toujours gronder',NULL,6,NULL),(595,'Lili se trouve moche',NULL,4,NULL),(596,'Lili trouve sa maîtresse méchante',NULL,6,NULL),(597,'Lili va chez la psy',NULL,7,NULL),(598,'Lili veut choisir ses habits',NULL,5,NULL),(599,'Lili veut de l\'argent de poche',NULL,6,NULL),(600,'Lili veut etre une star',NULL,9,NULL),(601,'Lili veut faire une boum',NULL,7,NULL),(602,'Lili veut protéger la nature',NULL,0,NULL),(603,'Lili veut un petit chat',NULL,8,NULL),(604,'Lili veut un téléphone portable',NULL,1,NULL),(605,'Lucien n\'a pas de copains',NULL,6,NULL),(606,'Marlène grignote tout le temps',NULL,3,NULL),(607,'Max a la passion du foot',NULL,1,NULL),(608,'Max a triché',NULL,2,NULL),(609,'Max a une amoureuse',NULL,0,NULL),(610,'Max adore jouer',NULL,9,NULL),(611,'Max aime les monstres',NULL,6,NULL),(612,'Max boude',NULL,0,NULL),(613,'Max décide de faire des efforts',NULL,1,NULL),(614,'Max embête les filles',NULL,1,NULL),(615,'Max en a marre de sa soeur',NULL,5,NULL),(616,'Max est casse-cou',NULL,9,NULL),(617,'Max est dans la lune',NULL,1,NULL),(618,'Max est fou de jeux vidéo',NULL,4,NULL),(619,'Max est jaloux',NULL,0,NULL),(620,'Max est maladroit',NULL,1,NULL),(621,'Max est racketté',NULL,0,NULL),(622,'Max est timide',NULL,4,NULL),(623,'Max et Koffi sont copains',NULL,0,NULL),(624,'Max et Lili aident les enfants du monde',NULL,0,NULL),(625,'Max et Lili cherchent leur métier',NULL,5,NULL),(626,'Max et Lili décident de bien manger',NULL,3,NULL),(627,'Max et Lili en ont marre de se dépêcher',NULL,9,NULL),(628,'Max et Lili font du camping',NULL,7,NULL),(629,'Max et Lili fêtent Noël en famille',NULL,7,NULL),(630,'Max et Lili ne font pas leurs devoirs',NULL,8,NULL),(631,'Max et Lili ont des pouvoirs magiques',NULL,8,NULL),(632,'Max et Lili ont du mal à se concentrer',NULL,2,NULL),(633,'Max et Lili ont peur',NULL,5,NULL),(634,'Max et Lili ont peur des images violentes',NULL,2,NULL),(635,'Max et Lili ont volé des bonbons',NULL,4,NULL),(636,'Max et Lili se posent des questions sur Dieu',NULL,9,NULL),(637,'Max et Lili se sont perdus',NULL,2,NULL),(638,'Max et Lili sont malades',NULL,4,NULL),(639,'Max et Lili trouvent leur cousin angoissé',NULL,1,NULL),(640,'Max et Lili veulent des câlins',NULL,8,NULL),(641,'Max et Lili veulent tout savoir sur les bébés',NULL,4,NULL),(642,'Max et Lili veulent tout tout de suite !',NULL,9,NULL),(643,'Max et Lili veulent éduquer leurs parents',NULL,4,NULL),(644,'Max et Lili veulent être gentils',NULL,3,NULL),(645,'Max et Lili veulent être populaires',NULL,0,NULL),(646,'Max et Lili vont chez papy et mamie',NULL,1,NULL),(647,'Max et lili sont fans de marques',NULL,9,NULL),(648,'Max fait pipi au lit',NULL,1,NULL),(649,'Max n\'aime pas l\'école',NULL,9,NULL),(650,'Max n\'aime pas lire',NULL,0,NULL),(651,'Max n\'aime pas perdre',NULL,3,NULL),(652,'Max n\'en fait qu\'à sa tête',NULL,8,NULL),(653,'Max ne pense qu\'au zizi',NULL,7,NULL),(654,'Max ne respecte rien',NULL,0,NULL),(655,'Max ne veut pas se laver',NULL,8,NULL),(656,'Max part en classe verte',NULL,4,NULL),(657,'Max se bagarre',NULL,3,NULL),(658,'Max se fait insulter à la récré',NULL,8,NULL),(659,'Max se trouve nul',NULL,3,NULL),(660,'Max se trouve trop petit',NULL,2,NULL),(661,'Max trouve que c\'est pas juste',NULL,1,NULL),(662,'Max va à l\'hopital',NULL,8,NULL),(663,'Max va à la peche avec son père',NULL,7,NULL),(664,'Max veut etre délégué de classe',NULL,6,NULL),(665,'Max veut sauver les animaux',NULL,7,NULL),(666,'Max veut se faire des amis',NULL,6,NULL),(667,'Nina a été adoptée',NULL,6,NULL),(668,'Simon a deux maisons',NULL,8,NULL),(669,'Tout homme est une nuit',NULL,7,NULL),(670,'Délivrez-moi !',NULL,6,NULL),(671,'Gérard : cinq années dans les pattes de Depardieu',NULL,8,NULL),(672,'Sardine de l\'espace. 11. L\'archipel des hommes-sandwichs',NULL,8,NULL),(673,'L\'Arabe du futur. 2. Une jeunesse au Moyen-Orient, 1984-1985',NULL,3,NULL),(674,'Les cahiers d\'Esther : histoire de mes 10 ans',NULL,4,NULL),(675,'Les cahiers d\'Esther. 3. Histoire de mes 12 ans',NULL,5,NULL),(676,'Les cahiers d\'Esther. Histoires de mes 11 ans',NULL,1,NULL),(677,'Une jeunesse au Moyen-Orient : 1985-1987',NULL,8,NULL),(678,'Une jeunesse au Moyen-Orient, 1978-1984',NULL,2,NULL),(679,'La vengeance du pardon',NULL,4,NULL),(680,'Max et les Maximonstres',NULL,6,NULL),(681,'Le remonte-kiki',NULL,1,NULL),(682,'Platine laser',NULL,6,NULL),(683,'Chanson douce',NULL,8,NULL),(684,'Sexe et mensonges : la vie sexuelle au Maroc',NULL,6,NULL),(685,'Aube et crépuscule',NULL,9,NULL),(686,'Coeur du passé',NULL,8,NULL),(687,'Danaël',NULL,5,NULL),(688,'Frères ennemis',NULL,2,NULL),(689,'Griffes et plumes',NULL,1,NULL),(690,'Jadina',NULL,1,NULL),(691,'L\'Alystory',NULL,6,NULL),(692,'L\'exode de Kalandre',NULL,0,NULL),(693,'La pierre de Jovénia',NULL,4,NULL),(694,'Le cycle d\'Anathos : la marque du destin',NULL,8,NULL),(695,'Le cycle d\'Anathos : renaissance',NULL,8,NULL),(696,'Le gardien',NULL,9,NULL),(697,'Le royaume des larmes',NULL,6,NULL),(698,'Le réveil du Kréa-Kaos',NULL,1,NULL),(699,'Les Légendaires. 14. L\'héritage du mal',NULL,2,NULL),(700,'Les Légendaires. 15. Amour mortel',NULL,1,NULL),(701,'Les Légendaires. 16. L\'éternité ne dure qu\'un temps',NULL,6,NULL),(702,'Les Légendaires. 18. La fin de l\'histoire ?',NULL,1,NULL),(703,'Les Légendaires. 19. World without : Artémus le Légendaire',NULL,2,NULL),(704,'Les légendaires : Les origines. 03. Gryfenfer',NULL,7,NULL),(705,'Main du futur',NULL,8,NULL),(706,'Sang royal',NULL,3,NULL),(707,'Shimy',NULL,5,NULL),(708,'Versus inferno',NULL,1,NULL),(709,'E.T. l\'extra-terrestre',NULL,0,NULL),(710,'Mary Poppins',NULL,7,NULL),(711,'Qui a volé la Joconde ?',NULL,5,NULL),(712,'Le gâteau perché tout là-haut',NULL,2,NULL),(713,'Mortelle Adèle. 2. L\'enfer c\'est les autres',NULL,6,NULL),(714,'Mortelle Adèle. 3. C\'est pas ma faute !',NULL,3,NULL),(715,'Mortelle Adèle. 4. J\'aime pas l\'amour',NULL,1,NULL),(716,'Mortelle Adèle. 5. Poussez-vous les moches',NULL,2,NULL),(717,'Pas de pitié pour les nazebroques !',NULL,8,NULL),(718,'Tout ça finira mal',NULL,5,NULL),(719,'Un talent monstre !',NULL,5,NULL),(720,'Mission relooking',NULL,4,NULL),(721,'En quête d\'amour',NULL,9,NULL),(722,'La reine du collège',NULL,7,NULL),(723,'Un peu... beaucoup... passionnément !',NULL,5,NULL),(724,'Sur les chemins noirs',NULL,4,NULL),(725,'Entrez dans la danse',NULL,4,NULL),(726,'Souvenirs de la marée basse',NULL,0,NULL),(727,'Harry Potter et l\'enfant maudit : parties un et deux',NULL,4,NULL),(728,'Le petit Spirou. 15. Tiens-toi droit !',NULL,5,NULL),(729,'Tout le monde te regarde !',NULL,4,NULL),(730,'Bulle et Bob se déguisent',NULL,6,NULL),(731,'Astérix chez Rahàzade : ou le compte des mille et une heures',NULL,2,NULL),(732,'Astérix et Latraviata',NULL,2,NULL),(733,'L\'odyssée d\'Astérix',NULL,9,NULL),(734,'La galère d\'Obélix',NULL,0,NULL),(735,'Le ciel lui tombe sur la tete',NULL,9,NULL),(736,'Le fils d\'Astérix',NULL,5,NULL),(737,'Le grand fossé',NULL,6,NULL),(738,'Le géant de Zéralda',NULL,5,NULL),(739,'La voiture',NULL,3,NULL),(740,'Le tracteur',NULL,1,NULL),(741,'Quand sort la recluse',NULL,6,NULL),(742,'Temps glaciaires',NULL,5,NULL),(743,'Maman Quichon se fâche',NULL,2,NULL),(744,'Une soupe au caillou',NULL,4,NULL),(745,'Au coeur du maelström',NULL,9,NULL),(746,'La machine à démourir',NULL,7,NULL),(747,'La quatrième dimension et demie',NULL,2,NULL),(748,'Les arènes',NULL,7,NULL),(749,'Les cairns rouges',NULL,2,NULL),(750,'Les terres basses',NULL,4,NULL),(751,'Boule & Bill. 36. Flair de cocker',NULL,7,NULL),(752,'Boule et Bill. 33. A l\'abordage !!',NULL,8,NULL),(753,'Mon meilleur ami',NULL,5,NULL),(754,'Un amour de cocker',NULL,8,NULL),(755,'D\'après une histoire vraie',NULL,2,NULL),(756,'Les loyautés',NULL,9,NULL),(757,'Une soeur',NULL,7,NULL),(758,'L\'ordre du jour : récit',NULL,6,NULL),(759,'Bébés chouettes',NULL,5,NULL),(760,'Underground railroad : roman',NULL,1,NULL),(761,'La vie secrète des arbres',NULL,0,NULL),(762,'Inazuma eleven. 1',NULL,9,NULL),(763,'Harry Potter et le Prince de sang-mêlé',NULL,2,NULL),(764,'Cubes surprises',NULL,3,NULL),(765,'L\'art de perdre',NULL,2,NULL),(766,'A fond le slip !',NULL,0,NULL),(767,'C\'est pô juste...',NULL,6,NULL),(768,'Ca épate les filles...',NULL,0,NULL),(769,'L\'amour, c\'est pô propre...',NULL,7,NULL),(770,'La loi du préau',NULL,2,NULL),(771,'Le miracle de la vie',NULL,5,NULL),(772,'Le sens de la vie',NULL,1,NULL),(773,'Lâchez-moi le slip !',NULL,3,NULL),(774,'Mes meilleurs copains',NULL,1,NULL),(775,'Nadia se marie',NULL,7,NULL),(776,'Tchô, monde cruel',NULL,7,NULL),(777,'Titeuf et le derrière des choses',NULL,1,NULL),(778,'Titeuf. 13. A la folie !',NULL,5,NULL),(779,'Titeuf. 14. Bienvenue en adolescence !',NULL,2,NULL),(780,'#Grosse',NULL,3,NULL),(781,'0+0 = Duco !',NULL,1,NULL),(782,'Confisqués !',NULL,5,NULL),(783,'Ducobu, élève modèle',NULL,6,NULL),(784,'In-cu-ra-ble !',NULL,8,NULL),(785,'Oh, le salaud !',NULL,7,NULL),(786,'Pas vu, pas pris !',NULL,3,NULL),(787,'Système D',NULL,1,NULL),(788,'Ça sent les vacances !',NULL,7,NULL);
/*!40000 ALTER TABLE `livre` ENABLE KEYS */;
UNLOCK TABLES;

--
-- Table structure for table `telephone`
--

DROP TABLE IF EXISTS `telephone`;
/*!40101 SET @saved_cs_client     = @@character_set_client */;
/*!40101 SET character_set_client = utf8 */;
CREATE TABLE `telephone` (
  `id_tel` int(11) NOT NULL AUTO_INCREMENT,
  `numero` varchar(15) NOT NULL,
  `type_num` varchar(15) DEFAULT NULL,
  `id_adherent` int(11) NOT NULL,
  PRIMARY KEY (`id_tel`),
  KEY `telephone_adherent_fk` (`id_adherent`),
  CONSTRAINT `telephone_adherent_fk` FOREIGN KEY (`id_adherent`) REFERENCES `adherent` (`id_adherent`) ON DELETE CASCADE
) ENGINE=InnoDB AUTO_INCREMENT=161 DEFAULT CHARSET=utf8mb4;
/*!40101 SET character_set_client = @saved_cs_client */;

--
-- Dumping data for table `telephone`
--

LOCK TABLES `telephone` WRITE;
/*!40000 ALTER TABLE `telephone` DISABLE KEYS */;
INSERT INTO `telephone` VALUES (1,'05423410281','Domicile',87),(2,'098792120285','Fax',91),(3,'048525740294',NULL,14),(4,'059704590240','Domicile',68),(5,'054521550288','Domicile',99),(6,'042483680265',NULL,19),(7,'095856250236','Fax',71),(8,'049227330226',NULL,89),(9,'097007380279','Fax',29),(10,'092957780294','Fax',67),(11,'05039650219','Domicile',29),(12,'04831330252',NULL,28),(13,'09534870271','Fax',77),(14,'065920960225','Mobile',17),(15,'053809320213','Domicile',79),(16,'048519270222',NULL,74),(17,'047459590275',NULL,15),(18,'090582970277','Fax',34),(19,'046877770255',NULL,11),(20,'062054280250','Mobile',16),(21,'090667540246','Fax',48),(22,'055576270238','Domicile',93),(23,'04736991020',NULL,50),(24,'044666410225',NULL,26),(25,'05789260227','Domicile',97),(26,'068958410290','Mobile',24),(27,'045921430230',NULL,52),(28,'091491900233','Fax',71),(29,'064333570212','Mobile',59),(30,'059537630252','Domicile',47),(31,'058523190282','Domicile',8),(32,'06346320230','Mobile',77),(33,'057227770254','Domicile',5),(34,'058695760232','Domicile',54),(35,'055443740272','Domicile',63),(36,'059531310237','Domicile',85),(37,'041960480275',NULL,27),(38,'097978570255','Fax',52),(39,'094912290234','Fax',47),(40,'04352530225',NULL,32),(41,'060083690278','Mobile',25),(42,'092181330287','Fax',21),(43,'096612710219','Fax',88),(44,'043705310237',NULL,11),(45,'063834720266','Mobile',45),(46,'09727760232','Fax',90),(47,'065089160268','Mobile',5),(48,'048984840239',NULL,72),(49,'06597368024','Mobile',32),(50,'063264910271','Mobile',4),(51,'092655490294','Fax',21),(52,'049130200283',NULL,61),(53,'046778350210',NULL,51),(54,'044124310296',NULL,32),(55,'047045170231',NULL,57),(56,'09221034020','Fax',50),(57,'091082360276','Fax',25),(58,'054267790279','Domicile',18),(59,'09305562021','Fax',48),(60,'04225870289',NULL,27),(61,'065102820231','Mobile',45),(62,'056281560226','Domicile',28),(63,'045705720265',NULL,37),(64,'064404240222','Mobile',14),(65,'065749920238','Mobile',34),(66,'045540540289',NULL,75),(67,'04794820247',NULL,37),(68,'055292940295','Domicile',12),(69,'058711560214','Domicile',23),(70,'097987480231','Fax',76),(71,'05790640215','Domicile',35),(72,'04816913024',NULL,71),(73,'057444920292','Domicile',16),(74,'052274830252','Domicile',67),(75,'048853970225',NULL,33),(76,'04467683021',NULL,68),(77,'04702860227',NULL,52),(78,'064367840257','Mobile',80),(79,'099215780260','Fax',41),(80,'095747910280','Fax',71),(81,'049122460215',NULL,48),(82,'057583780290','Domicile',60),(83,'04147515023',NULL,54),(84,'041861660231',NULL,54),(85,'060482560293','Mobile',28),(86,'066328530296','Mobile',27),(87,'095524290281','Fax',34),(88,'091355140271','Fax',81),(89,'054198340292','Domicile',81),(90,'060884290288','Mobile',62),(91,'06518000281','Mobile',76),(92,'051610930277','Domicile',68),(93,'092957470271','Fax',67),(94,'046026310238',NULL,36),(95,'047142460219',NULL,29),(96,'067188830215','Mobile',76),(97,'046063200279',NULL,24),(98,'066840420218','Mobile',22),(99,'069732440258','Mobile',50),(100,'053894420240','Domicile',37),(101,'09309590267','Fax',36),(102,'057558590216','Domicile',54),(103,'045386620261',NULL,30),(104,'045270610281',NULL,61),(105,'057943500293','Domicile',67),(106,'098177960263','Fax',55),(107,'097320620274','Fax',12),(108,'056791230237','Domicile',37),(109,'041510370295',NULL,16),(110,'04140230029',NULL,9),(111,'063220910275','Mobile',60),(112,'050645180216','Domicile',10),(113,'09407310289','Fax',56),(114,'042545480233',NULL,4),(115,'055244830249','Domicile',60),(116,'06428770287','Mobile',95),(117,'067654640263','Mobile',62),(118,'05918960026','Domicile',54),(119,'09489540276','Fax',66),(120,'042762560225',NULL,83),(121,'053441160290','Domicile',90),(122,'041514560254',NULL,96),(123,'063925350223','Mobile',5),(124,'069555620263','Mobile',99),(125,'047740700247',NULL,96),(126,'062830910250','Mobile',36),(127,'091710400285','Fax',7),(128,'095801710244','Fax',56),(129,'095700380265','Fax',92),(130,'09801823025','Fax',32),(131,'091150470266','Fax',46),(132,'092240280279','Fax',3),(133,'043111560272',NULL,42),(134,'091485700218','Fax',97),(135,'043769940231',NULL,86),(136,'060009210226','Mobile',65),(137,'041287350272',NULL,81),(138,'054980560230','Domicile',39),(139,'04817540228',NULL,94),(140,'096893630254','Fax',15),(141,'095907790237','Fax',9),(142,'052966820297','Domicile',87),(143,'098827270289','Fax',81),(144,'097987230240','Fax',77),(145,'099884560220','Fax',56),(146,'05439310236','Domicile',62),(147,'059152370219','Domicile',62),(148,'065732490270','Mobile',1),(149,'064887330221','Mobile',62),(150,'059710380271','Domicile',39),(151,'045137840279',NULL,86),(152,'055733160280','Domicile',12),(153,'04928895023',NULL,35),(154,'097335930266','Fax',70),(155,'040048190269',NULL,4),(156,'066891470218','Mobile',43),(157,'05358860278','Domicile',35),(158,'051062580223','Domicile',35),(159,'052341300233','Domicile',58),(160,'056490340214','Domicile',80);
/*!40000 ALTER TABLE `telephone` ENABLE KEYS */;
UNLOCK TABLES;
/*!40103 SET TIME_ZONE=@OLD_TIME_ZONE */;

/*!40101 SET SQL_MODE=@OLD_SQL_MODE */;
/*!40014 SET FOREIGN_KEY_CHECKS=@OLD_FOREIGN_KEY_CHECKS */;
/*!40014 SET UNIQUE_CHECKS=@OLD_UNIQUE_CHECKS */;
/*!40101 SET CHARACTER_SET_CLIENT=@OLD_CHARACTER_SET_CLIENT */;
/*!40101 SET CHARACTER_SET_RESULTS=@OLD_CHARACTER_SET_RESULTS */;
/*!40101 SET COLLATION_CONNECTION=@OLD_COLLATION_CONNECTION */;
/*!40111 SET SQL_NOTES=@OLD_SQL_NOTES */;

-- Dump completed on 2019-09-23 10:23:38
